ID,Acceleration,Added on,Age,Aggression,Agility,Att. WR,Balance,Ball Control,Club,Composure,Crossing,Curve,Def. WR,Defending,Diving,Dribbling,FK. Accuracy,Finishing,Foot,Fullname,Handling,Heading Accuracy,Height,Interceptions,Intl. Rep,Jumping,Kicking,League,Long Passing,Long Shots,Marking,Nation,Origin,Pace,Passing,Penalties,Physicality,Positioning,R.Face,Reactions,Reflexes,Revision,Shooting,Short Passing,Shot Power,Skills,Sliding Tackle,Sprint Speed,Stamina,Standing Tackle,Strength,Vision,Volleys,Weak Foot,Weight
0,96,2020-01-06,32 years old,96,99,Med,Messi,95,97,FC Barcelona,97,99,99,51,Low,50,97,99,99,Left,Lionel Messi,51,"170cm | 5'7""",50,5,85,LaLiga Santander,94,99,Argentina,TOTY,96,99,91,85,98,,95,TOTY,98,94,99,4,89,99,87,89,87,99,99,4,72,,,,,
1,88,2020-01-06,28 years old,85,90,Med,High & Average,76,66,Liverpool,99,85,92,97,Med,99,66,85,62,Right,Virgil van Dijk,97,"193cm | 6'4""",99,3,98,Premier League,69,69,Netherlands,TOTY,88,92,99,98,80,,76,TOTY,80,69,62,2,94,84,99,94,99,92,69,3,92,,,,,
2,97,2020-01-10,35 years old,99,98,High,CR7,95,78,Piemonte Calcio,99,92,85,37,Low,45,78,92,99,Right,C. Ronaldo dos Santos Aveiro,37,"187cm | 6'2""",45,5,95,Serie A TIM,94,99,Portugal,TOTY,97,92,99,95,99,,95,TOTY,99,94,99,5,99,95,99,99,99,92,99,4,83,,,,,
3,97,2020-02-13,,81,99,High,Maradona,93,99,Icons,95,97,97,47,Med,42,99,97,96,Left,Diego Maradona,47,"165cm | 5'5""",42,5,80,Icons,89,99,Argentina,Moment,97,94,88,80,96,,93,Icon,96,89,96,5,70,97,86,70,86,94,99,3,70,30-10-1960,,,,
4,97,2020-02-14,,91,99,High,Average,95,94,Icons,99,98,89,68,Med,62,94,98,99,Right,Edson Arantes Nascimento,68,"173cm | 5'8""",62,5,81,Icons,92,99,Brazil,Moment,97,95,96,81,98,,95,Icon,98,92,99,5,97,97,93,97,93,95,99,4,70,23-10-1940,,,,
5,95,2018-09-19,,86,96,High,Average,94,93,Icons,98,97,89,67,Med,60,93,97,97,Right,Edson Arantes Nascimento,67,"173cm | 5'8""",60,5,76,Icons,90,98,Brazil,Prime,95,93,94,76,96,,94,Icon,96,90,97,5,94,95,88,94,88,93,98,4,70,23-10-1940,,,,
6,99,2020-01-06,21 years old,99,98,High,Average,99,90,Paris Saint-Germain,96,95,75,53,Low,55,90,95,99,Right,Kylian Mbappé,53,"178cm | 5'10""",55,3,90,Ligue 1 Conforama,93,99,France,TOTY,99,93,94,90,96,,99,TOTY,96,93,99,5,99,99,91,99,91,93,99,4,73,,,,,
7,88,2020-01-06,28 years old,99,96,High,Average,86,83,Manchester City,99,99,89,82,High,82,83,99,98,Right,Kevin De Bruyne,82,"181cm | 5'11""",82,4,93,Premier League,99,91,Belgium,TOTY,88,99,99,93,96,,86,TOTY,96,99,98,4,73,89,75,73,75,99,91,5,70,,,,,
8,92,2018-09-19,,78,97,High,Maradona,91,98,Icons,94,95,96,44,Med,40,98,95,92,Left,Diego Maradona,44,"165cm | 5'5""",40,5,76,Icons,88,97,Argentina,Prime,92,92,85,76,93,,91,Icon,93,88,92,5,67,94,82,67,82,92,97,3,70,30-10-1960,,,,
9,99,2020-01-06,28 years old,99,97,High,Average,99,94,Liverpool,99,99,76,45,Med,57,94,99,99,Right,Sadio Mané,45,"175cm | 5'9""",57,3,88,Premier League,88,99,Senegal,TOTY,99,92,96,88,95,,99,TOTY,95,88,99,4,99,99,99,99,99,92,99,4,69,,,,,
10,97,2020-01-06,27 years old,-,97,Med,High & Average,-,-,Liverpool,-,-,-,-,Med,70,-,-,-,Right,Alisson Ramses Becker,-,"191cm | 6'3""",70,3,95,Premier League,-,-,Brazil,TOTY,97,95,-,95,92,,-,TOTY,92,-,-,1,-,-,-,-,-,95,-,3,91,,97,92,95,97
11,91,2020-01-06,29 years old,99,95,Med,Short & Lean-,96,99,Chelsea,99,97,60,99,High,97,99,97,97,Right,N'Golo Kanté,99,"168cm | 5'6""",97,3,93,Premier League,83,88,France,TOTY,91,95,96,93,88,,96,TOTY,88,83,97,2,60,92,86,60,86,95,88,3,72,,,,,
12,98,2020-02-13,,83,98,Med,R9,91,86,Icons,99,84,91,50,Med,46,86,84,99,Right,Ronaldo Luís Nazário de Lima,50,"183cm | 6'0""",46,5,82,Icons,74,99,Brazil,Moment,98,82,94,82,97,,91,Icon,97,74,99,5,83,98,82,83,82,82,99,5,82,22-09-1976,,,,
13,87,2020-02-14,,90,96,Med,High & Average,80,89,Icons,97,98,92,86,Med,76,89,98,96,Right,Zinedine Zidane,86,"185cm | 6'1""",76,1,88,Icons,95,97,France,Moment,87,97,96,88,96,,80,Icon,96,95,96,5,88,88,79,88,79,97,97,5,78,23-06-1972,,,,
14,92,2020-03-09,32 years old,80,99,Med,Messi,95,97,FC Barcelona,97,97,97,44,Low,43,97,97,97,Left,Lionel Messi,44,"170cm | 5'7""",43,5,71,LaLiga Santander,90,98,Argentina,N\A,92,95,88,71,95,,95,LaLiga POTM SBC,95,90,97,4,77,96,73,77,73,95,98,4,72,,,,,
15,97,2018-09-19,,81,95,Med,R9,91,85,Icons,95,81,90,41,Med,45,85,81,95,Right,Ronaldo Luís Nazário de Lima,41,"183cm | 6'0""",45,5,76,Icons,75,98,Brazil,Prime,97,81,93,76,95,,91,Icon,95,75,95,5,84,97,82,84,82,81,98,5,78,22-09-1976,,,,
16,85,2019-09-05,,89,95,Med,Average,75,86,Icons,97,96,92,85,Med,75,86,96,93,Right,Zinedine Zidane,85,"185cm | 6'1""",75,5,86,Icons,92,92,France,Prime,85,96,89,86,92,,75,Icon,92,92,93,5,87,87,75,87,75,96,92,5,77,23-06-1972,,,,
17,91,2019-12-06,32 years old,79,98,Med,Messi,94,96,FC Barcelona,96,96,96,43,Low,42,96,96,96,Left,Lionel Messi,43,"170cm | 5'7""",42,5,70,LaLiga Santander,89,97,Argentina,TOTGS,91,94,87,70,94,,94,CL TOTT,94,89,96,4,75,95,72,75,72,94,97,4,72,,,,,
18,90,2019-12-12,32 years old,78,98,Med,Messi,94,96,FC Barcelona,96,96,96,42,Low,41,96,96,96,Left,Lionel Messi,42,"170cm | 5'7""",41,5,69,LaLiga Santander,89,97,Argentina,N\A,90,94,87,69,94,,94,LaLiga POTM SBC,94,89,96,4,73,94,71,73,71,94,97,4,72,,,,,
19,85,2020-01-06,20 years old,88,88,Med,High & Average,71,76,Piemonte Calcio,99,82,71,94,High,96,76,82,56,Right,Matthijs de Ligt,94,"189cm | 6'2""",96,3,96,Serie A TIM,67,64,Netherlands,TOTY,85,86,99,96,75,,71,TOTY,75,67,56,2,98,77,96,98,96,86,64,4,89,,,,,
20,88,2020-01-17,31 years old,85,93,High,Average,85,89,FC Bayern München,98,90,99,45,Med,48,89,90,99,Right,Robert Lewandowski,45,"184cm | 6'0""",48,4,90,Bundesliga,72,98,Poland,Headliners1,88,87,97,90,97,,85,Headliners,97,72,99,4,99,88,92,99,92,87,98,4,80,,,,,
21,93,2020-02-13,,86,98,High,Lean,95,86,Icons,99,96,84,44,Low,43,86,96,98,Right,Johan Cruyff,44,"180cm | 5'11""",43,5,77,Icons,90,98,Netherlands,Moment,93,93,90,77,96,,95,Icon,96,90,98,5,67,95,73,67,73,93,98,5,71,25-04-1947,,,,
22,91,2020-02-21,32 years old,80,98,High,Messi,94,96,FC Barcelona,96,96,96,42,Low,41,96,96,97,Left,Lionel Messi,42,"170cm | 5'7""",41,5,71,LaLiga Santander,89,98,Argentina,ShapeShifters,91,94,88,71,95,,94,ShapeShifters,95,89,97,4,73,95,73,73,73,94,98,4,72,,,,,
23,96,2018-09-19,,87,95,High,Average,96,95,Icons,95,93,88,64,Med,56,95,93,94,Right,Edson Arantes Nascimento,64,"173cm | 5'8""",56,5,75,Icons,88,95,Brazil,Medium,96,90,90,75,93,,96,Icon,93,88,94,5,89,95,89,89,89,90,95,4,69,23-10-1940,,,,
24,88,2018-09-19,,75,95,High,Maradona,89,98,Icons,93,95,93,46,Med,42,98,95,92,Left,Diego Maradona,46,"165cm | 5'5""",42,5,75,Icons,87,94,Argentina,Medium,88,90,83,75,91,,89,Icon,91,87,92,5,67,91,80,67,80,90,94,3,72,30-10-1960,,,,
25,89,2019-11-13,32 years old,77,97,Med,Messi,93,95,FC Barcelona,95,95,95,41,Low,40,95,95,95,Left,Lionel Messi,41,"170cm | 5'7""",40,5,68,LaLiga Santander,88,96,Argentina,TOTW9,89,93,86,68,93,,93,IF,93,88,95,4,71,93,70,71,70,93,96,4,72,,,,,
26,88,2019-12-13,32 years old,76,97,Med,Messi,93,95,FC Barcelona,95,95,95,41,Low,40,95,95,95,Left,Lionel Messi,41,"170cm | 5'7""",40,5,67,LaLiga Santander,88,96,Argentina,N\A,88,93,86,67,93,,93,TOTY Nominee,93,88,95,4,71,92,69,71,69,93,96,4,72,,,,,
27,92,2020-01-06,21 years old,99,92,High,Lean,87,87,Liverpool,96,92,94,93,Med,92,87,92,99,Right,Trent Alexander-Arnold,93,"180cm | 5'11""",92,1,87,Premier League,99,76,England,TOTY,92,97,99,87,85,,87,TOTY,85,99,99,3,80,90,82,80,82,97,76,4,69,,,,,
28,94,2020-01-11,29 years old,90,97,High,Average,98,97,Real Madrid,92,95,84,45,Med,39,97,95,96,Right,Eden Hazard,45,"175cm | 5'9""",39,4,71,LaLiga Santander,86,93,Belgium,N\A,94,92,90,71,92,,98,Player Moments Obj,92,86,96,4,67,97,60,67,60,92,93,4,74,,,,,
29,94,2020-01-17,28 years old,86,98,High,Neymar,99,86,Paris Saint-Germain,94,96,93,39,Med,35,86,96,92,Right,Neymar da Silva Santos Jr.,39,"175cm | 5'9""",35,5,62,Ligue 1 Conforama,93,92,Brazil,Headliners1,94,93,84,62,90,,99,Headliners,90,93,92,5,67,97,65,67,65,93,92,5,68,,,,,
30,95,2020-02-14,87,98,High,Ronaldinho,96,93,Icons,94,96,94,21-03-1980,28,Low,38,93,96,93,Right,Ronaldo de Assis Moreira,28,"180cm | 5'11""",38,5,83,Icons,95,95,Brazil,Moment,95,94,88,83,93,,96,Icon,93,95,93,5,56,97,88,56,88,94,95,4,78,,,,,
31,96,2020-02-14,90,96,High,High & Average,93,72,Icons,94,90,88,17-08-1977,56,Med,54,72,90,97,Right,Thierry Henry,56,"188cm | 6'2""",54,5,82,Icons,87,98,France,Moment,96,86,90,82,95,,93,Icon,95,87,97,4,85,96,72,85,72,86,98,4,83,,,,,
32,88,2020-02-14,88,70,Med,Average,66,70,Icons,96,70,32,26-06-1968,99,High,99,70,70,42,Right,Paolo Maldini,99,"186cm | 6'1""",99,4,85,Icons,77,61,Italy,Moment,88,77,77,85,60,,66,Icon,60,77,42,2,95,86,85,95,85,77,61,4,83,,,,,
33,98,2020-02-14,-,99,Med,High & Average+,-,-,Icons,-,-,-,22-10-1929,-,Med,66,-,-,-,Right,Lev Yashin,-,"189cm | 6'2""",66,4,99,Icons,-,-,Russia,Moment,98,76,-,99,91,,-,Icon,91,-,-,1,-,-,-,-,-,76,-,3,82,98,91,76,99,
34,92,2020-02-14,89,97,High,Short & Lean-,94,90,Icons,96,96,91,28-10-1933,45,Low,42,90,96,95,Right,Mané Garrincha,45,"169cm | 5'7""",42,1,73,Icons,97,91,Brazil,Moment,92,96,86,73,90,,94,Icon,90,97,95,5,69,94,72,69,72,96,91,4,72,,,,,
35,94,2020-02-28,89,91,High,CR7,88,72,Piemonte Calcio,98,85,78,,32,Med,39,72,85,96,Left,C. Ronaldo dos Santos Aveiro,32,"187cm | 6'2""",39,5,82,Serie A TIM,87,95,Portugal,ShapeShifters2,94,85,96,82,94,,88,ShapeShifters,94,87,96,5,99,92,99,99,99,85,95,4,83,,,,,35 years old
36,82,2020-03-25,95,92,High,Average,82,80,Manchester City,96,98,86,,66,High,66,80,98,95,Right,Kevin De Bruyne,66,"181cm | 5'11""",66,4,84,Premier League,97,88,Belgium,TOTWMoments2,82,96,98,84,93,,82,TOTW Moments,93,97,95,4,59,83,67,59,67,96,88,5,70,,,,,28 years old
37,86,2018-09-19,81,69,Med,Average,65,69,Icons,95,69,31,26-06-1968,96,High,96,69,69,39,Right,Paolo Maldini,96,"186cm | 6'1""",96,4,83,Icons,76,57,Italy,Prime,86,75,73,83,56,,65,Icon,56,76,39,2,93,85,84,93,84,75,57,4,83,,,,,
38,93,2018-09-19,79,93,Med,R9,87,81,Icons,94,84,90,22-09-1976,43,Low,46,81,84,96,Right,Ronaldo Luís Nazário de Lima,43,"183cm | 6'0""",46,5,80,Icons,72,96,Brazil,Medium,93,80,91,80,93,,87,Icon,93,72,96,5,81,94,81,81,81,80,96,5,82,,,,,
39,95,2018-09-19,45,96,Med,High & Average,79,64,Icons,92,79,30,22-10-1929,43,Med,60,64,79,32,Right,Lev Yashin,43,"189cm | 6'2""",60,4,95,Icons,33,15,Russia,Prime,95,75,56,95,89,,79,Icon,89,33,32,1,20,65,87,20,87,75,15,3,82,95,89,75,96,
40,92,2018-09-19,83,95,High,Ronaldinho,94,89,Icons,93,93,90,21-03-1980,26,Low,37,89,93,90,Right,Ronaldo de Assis Moreira,26,"180cm | 5'11""",37,5,81,Icons,90,93,Brazil,Prime,92,91,86,81,90,,94,Icon,90,90,90,5,54,94,86,54,86,91,93,4,78,,,,,
41,87,2018-09-19,75,96,Med,Messi,93,95,FC Barcelona,95,94,94,,40,Low,39,95,94,94,Left,Lionel Messi,40,"170cm | 5'7""",39,5,66,LaLiga Santander,88,95,Argentina,N\A,87,92,86,66,92,,93,Normal,92,88,94,4,70,91,68,70,68,92,95,4,72,,,,,32 years old
42,91,2018-09-19,82,94,High,Lean,92,82,Icons,97,94,83,25-04-1947,44,Low,42,82,94,95,Right,Johan Cruyff,44,"180cm | 5'11""",42,5,73,Icons,87,95,Netherlands,Prime,91,91,84,73,92,,92,Icon,92,87,95,5,64,93,66,64,66,91,95,5,71,,,,,
43,82,2019-09-05,81,92,Med,High & Average,75,83,Icons,95,95,91,23-06-1972,80,Med,72,83,95,92,Right,Zinedine Zidane,80,"185cm | 6'1""",72,5,83,Icons,90,89,France,Medium,82,93,88,83,90,,75,Icon,90,90,92,5,86,83,72,86,72,93,89,5,82,,,,,
44,90,2019-09-05,82,96,Med,Short & Lean-,91,88,Icons,96,94,90,28-10-1933,45,Low,41,88,94,91,Right,Mané Garrincha,45,"169cm | 5'7""",41,5,68,Icons,95,89,Brazil,Prime,90,94,86,68,87,,91,Icon,87,95,91,5,67,91,65,67,65,94,89,4,72,,,,,
45,87,2019-10-22,75,96,Med,Messi,93,95,FC Barcelona,95,94,94,,40,Low,39,95,94,94,Left,Lionel Messi,40,"170cm | 5'7""",39,5,66,LaLiga Santander,88,95,Argentina,N\A,87,92,86,66,92,,93,CL,92,88,94,4,70,91,68,70,68,92,95,4,72,,,,,32 years old
46,91,2019-11-20,87,90,High,CR7,87,71,Piemonte Calcio,97,84,77,,29,Low,36,71,84,96,Right,C. Ronaldo dos Santos Aveiro,29,"187cm | 6'2""",36,5,80,Serie A TIM,86,95,Portugal,TOTW10,91,84,96,80,94,,87,IF,94,86,96,5,91,89,97,91,97,84,95,4,83,,,,,35 years old
47,91,2019-12-13,86,90,High,CR7,87,71,Piemonte Calcio,97,83,76,,29,Low,36,71,83,96,Right,C. Ronaldo dos Santos Aveiro,29,"187cm | 6'2""",36,5,79,Serie A TIM,85,95,Portugal,N\A,91,83,96,79,94,,87,TOTY Nominee,94,85,96,5,91,89,96,91,96,83,95,4,83,,,,,35 years old
48,81,2019-12-18,94,90,High,Average,80,78,Manchester City,94,97,85,,65,High,65,78,97,93,Right,Kevin De Bruyne,65,"181cm | 5'11""",65,4,83,Premier League,96,86,Belgium,TOTW14,81,95,96,83,91,,80,SIF,91,96,93,4,58,82,67,58,67,95,86,5,70,,,,,28 years old
49,94,2020-01-06,99,91,High,Lean,89,85,Liverpool,96,94,36,,94,High,92,85,94,91,Left,Andrew Robertson,94,"178cm | 5'10""",92,1,89,Premier League,99,68,Scotland,TOTY,94,94,89,89,75,,89,TOTY,75,99,91,3,72,91,73,72,73,94,68,2,64,,,,,26 years old
50,88,2020-01-06,97,95,Med,Lean,90,85,FC Barcelona,93,95,70,,93,High,88,85,95,95,Right,Frenkie de Jong,93,"180cm | 5'11""",88,3,90,LaLiga Santander,83,87,Netherlands,TOTY,88,93,92,90,87,,90,TOTY,87,83,95,4,76,89,90,76,90,93,87,3,74,,,,,22 years old
51,97,2020-01-17,91,93,High,Salah,95,91,Liverpool,96,93,76,,61,Med,50,91,93,97,Left,Mohamed Salah,61,"175cm | 5'9""",50,3,80,Premier League,87,95,Egypt,Headliners1,97,90,84,80,91,,95,Headliners Upgrade,91,87,97,4,65,98,74,65,74,90,95,3,71,,,,,27 years old
52,89,2020-02-14,79,94,Med,Average,82,87,Icons,91,95,90,18-02-1967,38,Low,41,87,95,95,Right,Roberto Baggio,38,"174cm | 5'9""",41,5,62,Icons,88,96,Italy,Moment,89,93,80,62,90,,82,Icon,90,88,95,5,77,91,66,77,66,93,96,4,73,,,,,
53,91,2020-02-14,94,84,High,Average,79,83,Icons,93,93,92,21-03-1961,94,High,92,83,93,91,Right,Lothar Matthäus,94,"174cm | 5'9""",92,4,87,Icons,86,84,Germany,Moment,91,92,99,87,92,,79,Icon,92,86,91,3,80,95,77,80,77,92,84,4,75,,,,,
54,85,2020-02-14,85,70,Med,Average,87,84,Icons,93,52,38,13-09-1973,99,High,98,84,52,34,Right,Fabio Cannavaro,99,"176cm | 5'9""",98,5,90,Icons,65,36,Italy,Moment,85,65,59,90,44,,87,Icon,44,65,34,2,92,87,99,92,99,65,36,3,73,,,,,
55,89,2020-02-14,97,86,High,Average,84,86,Icons,93,86,58,10-08-1973,94,High,93,86,86,79,Right,Javier Zanetti,94,"178cm | 5'10""",93,4,85,Icons,96,62,Argentina,Moment,89,89,76,85,64,,84,Icon,64,96,79,2,89,87,60,89,60,89,62,4,75,,,,,
56,73,2020-02-14,88,61,Med,Stocky,55,56,Icons,92,60,48,13-04-1978,99,High,98,56,60,50,Right,Carles Puyol Saforcada,99,"178cm | 5'10""",98,4,94,Icons,71,45,Spain,Moment,73,70,71,94,46,,55,Icon,46,71,50,2,98,71,89,98,89,70,45,3,80,,,,,
57,90,2020-02-14,97,91,High,High & Average+,80,86,Icons,97,93,93,01-09-1962,83,Med,83,86,93,97,Right,Ruud Gullit,83,"191cm | 6'3""",83,4,91,Icons,92,92,Netherlands,Moment,90,93,99,91,95,,80,Icon,95,92,97,4,97,88,88,97,88,93,92,5,88,,,,,
58,86,2020-02-14,85,94,High,Short & Lean-,87,69,Icons,89,95,97,09-11-1974,41,Med,46,69,95,94,Right,Alessandro Del Piero,41,"174cm | 5'9""",46,5,70,Icons,90,98,Italy,Moment,86,92,91,70,96,,87,Icon,96,90,94,4,76,87,59,76,59,92,98,5,74,,,,,
59,86,2020-02-14,83,91,Med,High & Average+,94,79,Icons,94,78,75,31-10-1964,48,Med,39,79,78,98,Right,Marco van Basten,48,"188cm | 6'2""",39,4,80,Icons,80,98,Netherlands,Moment,86,77,93,80,95,,94,Icon,95,80,98,3,88,84,90,88,90,77,98,4,77,,,,,
60,96,2020-02-14,90,98,High,Lean,96,94,Icons,93,87,78,22-05-1946,64,Med,59,94,87,96,Right,George Best,64,"175cm | 5'9""",59,4,73,Icons,90,99,Northern Ireland,Moment,96,85,90,73,95,,96,Icon,95,90,96,4,91,98,84,91,84,85,99,4,65,,,,,
61,94,2020-02-14,90,93,High,Lean,85,83,Icons,85,87,85,29-11-1973,55,Med,45,83,87,91,Left,Ryan Giggs,55,"179cm | 5'10""",45,4,68,Icons,95,89,Wales,Moment,94,91,80,68,86,,85,Icon,86,95,91,3,58,94,63,58,63,91,89,2,71,,,,,
62,97,2020-02-14,95,95,High,Average,95,94,Icons,96,90,89,25-01-1942,41,Med,46,94,90,99,Right,Eusébio da Silva Ferreira,41,"175cm | 5'9""",46,5,80,Icons,89,99,Portugal,Moment,97,87,96,80,99,,95,Icon,99,89,99,4,90,95,90,90,90,87,99,5,76,,,,,
63,74,2020-02-14,89,75,Med,Average,80,71,Icons,97,75,46,08-05-1960,97,High,97,71,75,42,Right,Franco Baresi,97,"176cm | 5'9""",97,5,84,Icons,67,46,Italy,Moment,74,78,55,84,50,,80,Icon,50,67,42,2,92,68,86,92,86,78,46,3,70,,,,,
64,95,2020-02-14,88,95,High,High & Average,90,88,Icons,92,94,83,22-04-1982,49,Med,46,88,94,91,Right,Ricardo Izecson dos Santos Leite,49,"186cm | 6'1""",46,1,77,Icons,88,95,Brazil,Moment,95,91,96,77,94,,90,Icon,94,88,91,5,66,96,57,66,57,91,95,4,78,,,,,
65,76,2020-02-14,90,93,Med,Lean,85,79,Icons,96,97,96,19-05-1979,84,Med,76,79,97,89,Right,Andrea Pirlo,84,"177cm | 5'10""",76,1,68,Icons,96,82,Italy,Moment,76,97,83,68,85,,85,Icon,85,96,89,5,58,77,62,58,62,97,82,4,68,,,,,
66,92,2020-02-14,95,88,High,Average,85,73,Icons,94,88,37,17-07-1944,92,Med,92,73,88,88,Right,Carlos Alberto Torres,92,"180cm | 5'11""",92,5,89,Icons,88,79,Brazil,Moment,92,82,91,89,70,,85,Icon,70,88,88,3,88,92,85,88,85,82,79,4,76,,,,,
67,93,2020-02-20,83,97,High,Neymar,98,85,Paris Saint-Germain,93,94,91,,38,Med,34,85,94,91,Right,Neymar da Silva Santos Jr.,38,"175cm | 5'9""",34,5,60,Ligue 1 Conforama,91,91,Brazil,N\A,93,91,83,60,89,,98,Ligue 1 POTM,89,91,91,5,65,96,63,65,63,91,91,5,68,28 years old,,,,
68,99,2020-03-27,94,95,High,Average,97,87,Paris Saint-Germain,93,90,71,,43,Low,45,87,90,97,Right,Kylian Mbappé,43,"178cm | 5'10""",45,3,84,Ligue 1 Conforama,88,97,France,FUTBirthday,99,88,90,84,92,,97,FUT Birthday,92,88,97,5,88,99,85,88,85,88,97,5,73,21 years old,,,,
69,93,2020-03-27,89,96,High,Average,97,96,Real Madrid,91,93,82,,44,Med,38,96,93,94,Right,Eden Hazard,44,"175cm | 5'9""",38,4,70,LaLiga Santander,84,91,Belgium,FUTBirthday,93,90,88,70,90,,97,FUT Birthday,90,84,94,5,66,96,59,66,59,90,91,4,74,29 years old,,,,
70,85,2020-04-08,83,91,High,Average,83,87,FC Bayern München,96,85,94,,43,Med,46,87,85,99,Right,Robert Lewandowski,43,"184cm | 6'0""",46,4,88,Bundesliga,68,96,Poland,TOTWMoments4,85,82,95,88,95,,83,TOTW Moments,95,68,99,4,95,85,90,95,90,82,96,4,80,31 years old,,,,
71,83,2018-09-19,78,89,Med,High & Average+,86,74,Icons,95,77,78,31-10-1964,47,Med,39,74,77,96,Right,Marco van Basten,47,"188cm | 6'2""",39,4,75,Icons,74,97,Netherlands,Prime,83,76,94,75,94,,86,Icon,94,74,96,3,90,81,85,90,85,76,97,4,78,,,,,
72,89,2018-09-19,93,82,High,Average,77,81,Icons,91,91,91,21-03-1961,93,High,90,81,91,89,Right,Lothar Matthäus,93,"174cm | 5'9""",90,4,85,Icons,84,81,Germany,Prime,89,90,97,85,89,,77,Icon,89,84,89,3,79,93,74,79,74,90,81,4,71,,,,,
73,93,2018-09-19,87,94,Med,Lean,93,91,Icons,90,86,75,22-05-1946,63,Med,58,91,86,89,Right,George Best,63,"175cm | 5'9""",58,4,71,Icons,89,94,Northern Ireland,Prime,93,84,89,71,91,,93,Icon,91,89,89,4,87,94,80,87,80,84,94,4,65,,,,,
74,86,2018-09-19,95,89,High,High & Average+,78,85,Icons,95,92,92,01-09-1962,81,Med,82,85,92,94,Right,Ruud Gullit,81,"191cm | 6'3""",82,4,90,Icons,88,89,Netherlands,Prime,86,91,96,90,91,,78,Icon,91,88,94,4,95,85,86,95,86,91,89,5,88,,,,,
75,70,2018-09-19,85,72,Med,Average,75,76,Icons,93,72,45,08-05-1960,95,High,95,76,72,41,Right,Franco Baresi,95,"176cm | 5'9""",95,5,82,Icons,65,46,Italy,Prime,70,76,54,82,49,,75,Icon,49,65,41,2,90,64,82,90,82,76,46,3,70,,,,,
76,94,2018-09-19,88,90,Med,High & Average,90,66,Icons,90,82,87,17-08-1977,53,Med,53,66,82,93,Right,Thierry Henry,53,"188cm | 6'2""",53,5,80,Icons,80,94,France,Prime,94,83,88,80,91,,90,Icon,91,80,93,4,85,94,70,85,70,83,94,4,83,,,,,
77,90,2018-09-19,85,89,High,CR7,87,71,Piemonte Calcio,96,82,76,,29,Low,35,71,82,95,Right,C. Ronaldo dos Santos Aveiro,29,"187cm | 6'2""",35,5,78,Serie A TIM,84,94,Portugal,N\A,90,82,95,78,93,,87,Normal,93,84,95,5,89,89,95,89,95,82,94,4,83,35 years old,,,,
78,86,2018-09-19,76,92,Med,Average,81,82,Icons,89,95,90,18-02-1967,38,Low,40,82,95,88,Right,Roberto Baggio,38,"174cm | 5'9""",40,5,61,Icons,87,88,Italy,Prime,86,92,74,61,84,,81,Icon,84,87,88,5,75,88,65,75,65,92,88,4,73,,,,,
79,94,2018-09-19,93,93,High,Average,94,92,Icons,94,88,87,25-01-1942,39,Med,45,92,88,95,Right,Eusébio da Silva Ferreira,39,"175cm | 5'9""",45,5,79,Icons,87,94,Portugal,Prime,94,86,94,79,94,,94,Icon,94,87,95,4,88,93,88,88,88,86,94,5,76,,,,,
80,90,2019-09-05,90,86,High,Average,84,72,Icons,90,87,35,17-07-1944,90,Med,90,72,87,85,Right,Carlos Alberto Torres,90,"180cm | 5'11""",90,5,87,Icons,86,59,Brazil,Prime,90,81,85,87,66,,84,Icon,66,86,85,3,86,91,84,86,84,81,59,4,76,,,,,
81,90,2019-10-22,85,89,High,CR7,87,71,Piemonte Calcio,96,82,76,,29,Low,35,71,82,95,Right,C. Ronaldo dos Santos Aveiro,29,"187cm | 6'2""",35,5,78,Serie A TIM,84,94,Portugal,N\A,90,82,95,78,93,,87,CL,93,84,95,5,89,89,95,89,95,82,94,4,83,35 years old,,,,
82,79,2019-12-06,93,89,High,Average,79,77,Manchester City,93,96,84,,63,High,63,77,96,92,Right,Kevin De Bruyne,63,"181cm | 5'11""",63,4,82,Premier League,95,85,Belgium,TOTGS,79,94,95,82,90,,79,CL TOTT,90,95,92,4,56,80,66,56,66,94,85,5,70,28 years old,,,,
83,92,2019-12-13,82,96,High,Neymar,97,84,Paris Saint-Germain,92,91,88,,37,Med,33,84,91,88,Right,Neymar da Silva Santos Jr.,37,"175cm | 5'9""",33,5,59,Ligue 1 Conforama,88,88,Brazil,N\A,92,88,80,59,86,,97,TOTY Nominee,86,88,88,5,63,95,62,63,62,88,88,5,68,28 years old,,,,
84,92,2019-12-25,82,96,High,Neymar,97,84,Paris Saint-Germain,92,92,89,,37,Med,33,84,92,89,Right,Neymar da Silva Santos Jr.,37,"175cm | 5'9""",33,5,59,Ligue 1 Conforama,89,89,Brazil,TOTW15,92,89,81,59,87,,97,IF,87,89,89,5,63,95,62,63,62,89,89,5,68,28 years old,,,,
85,80,2020-01-01,91,87,High,High & Average,76,78,Tottenham Hotspur,97,88,74,,37,High,51,78,88,97,Right,Harry Kane,37,"188cm | 6'2""",51,3,87,Premier League,81,98,England,TOTW16,80,86,93,87,95,,76,TIF,95,81,97,3,93,77,82,93,82,86,98,4,89,26 years old,,,,
86,99,2020-02-12,90,94,High,Average,96,86,Paris Saint-Germain,92,88,69,,42,Low,44,86,88,96,Right,Kylian Mbappé,42,"178cm | 5'10""",44,3,81,Ligue 1 Conforama,86,96,France,TOTW22,99,86,89,81,91,,96,TIF,91,86,96,5,86,99,82,86,82,86,96,4,73,21 years old,,,,
87,94,2020-02-14,88,94,High,Average,93,87,Icons,91,90,86,04-11-1972,43,Low,42,87,90,94,Right,Luís Filipe Madeira Caeiro Figo,43,"180cm | 5'11""",42,5,81,Icons,93,94,Portugal,Moment,94,91,90,81,93,,93,Icon,93,93,94,4,65,95,75,65,75,91,94,4,75,,,,,
88,84,2020-02-14,85,75,High,High & Average+,60,57,Icons,95,84,43,07-09-1968,97,High,92,57,84,68,Right,Marcel Desailly,97,"185cm | 6'1""",92,4,92,Icons,49,70,France,Moment,84,75,74,92,62,,60,Icon,62,49,68,2,86,82,84,86,84,75,70,3,81,,,,,
89,95,2020-02-14,-,96,Med,High & Average,-,-,Icons,-,-,-,18-11-1963,-,Med,54,-,-,-,Right,Peter Schmeichel,-,"193cm | 6'4""",54,4,93,Icons,-,-,Denmark,Moment,95,91,-,93,90,,-,Icon,90,-,-,2,-,-,-,-,-,91,-,3,92,,95,90,91,96
90,90,2020-02-14,87,95,Med,High & Average+,93,79,Icons,97,90,92,19-04-1972,39,Low,46,79,90,94,Left,Rivaldo Vítor Borba Ferreira,39,"186cm | 6'1""",46,4,80,Icons,90,96,Brazil,Moment,90,90,95,80,95,,93,Icon,95,90,94,4,78,88,76,78,76,90,96,2,75,
91,90,2020-02-14,87,88,High,Average,85,82,Icons,94,73,70,30-11-1960,44,Low,37,82,73,99,Right,Gary Lineker,44,"177cm | 5'10""",37,4,77,Icons,64,99,England,Moment,90,75,92,77,97,,85,Icon,97,64,99,3,90,92,81,90,81,75,99,4,74,
92,71,2020-02-14,95,80,Med,Average,83,83,Icons,94,83,67,12-04-1941,95,Med,96,83,83,62,Right,Bobby Moore,95,"178cm | 5'10""",96,5,87,Icons,80,57,England,Moment,71,88,79,87,65,,83,Icon,65,80,62,2,90,71,86,90,86,88,57,3,73,
93,89,2020-02-14,83,87,High,High & Average,77,75,Icons,97,73,80,01-07-1976,24,Low,38,75,73,96,Right,Ruud van Nistelrooy,24,"188cm | 6'2""",38,5,85,Icons,75,97,Netherlands,Moment,89,75,95,85,94,,77,Icon,94,75,96,3,89,87,81,89,81,75,97,4,80,
94,85,2020-02-14,95,89,High,Stocky,80,89,Icons,92,92,86,01-04-1976,82,Med,72,89,92,87,Right,Clarence Seedorf,82,"176cm | 5'9""",72,3,87,Icons,89,84,Netherlands,Moment,85,91,99,87,90,,80,Icon,90,89,87,4,65,83,81,65,81,91,84,4,77,
95,86,2020-02-14,83,95,Med,Average,84,85,Icons,98,92,85,10-05-1969,32,Med,39,85,92,99,Right,Dennis Bergkamp,32,"183cm | 6'0""",39,4,79,Icons,85,98,Netherlands,Moment,86,87,97,79,96,,84,Icon,96,85,99,4,69,87,80,69,80,87,98,4,78,
96,87,2020-02-14,94,94,High,High & Average+,87,67,Icons,90,96,91,19-02-1954,36,Low,47,67,96,91,Right,Sócrates Vieira de Oliveira,36,"192cm | 6'4""",47,4,87,Icons,90,91,Brazil,Moment,87,93,99,87,95,,87,Icon,95,90,91,4,89,88,74,89,74,93,91,5,79,
97,83,2020-02-14,93,90,High,Average,73,71,Icons,91,89,83,30-05-1980,77,Med,78,71,89,92,Right,Steven Gerrard,77,"183cm | 6'0""",78,5,87,Icons,90,89,England,Moment,83,92,95,87,92,,73,Icon,92,90,92,3,88,84,87,88,87,92,89,3,83,
98,94,2020-02-14,97,83,High,Short and Balanced,84,88,Icons,92,77,99,10-04-1973,94,High,88,88,77,75,Left,Roberto Carlos da Silva Rocha,94,"168cm | 5'6""",88,5,88,Icons,94,81,Brazil,Moment,94,88,99,88,89,,84,Icon,89,94,75,3,79,95,84,79,84,88,81,2,69,
99,91,2020-02-14,83,90,High,Average,83,80,Icons,91,79,91,29-09-1976,40,High,36,80,79,96,Right,Andriy Shevchenko,40,"183cm | 6'0""",36,4,80,Icons,65,96,Ukraine,Moment,91,75,96,80,95,,83,Icon,95,65,96,3,89,88,90,89,90,75,96,4,72,
100,93,2020-02-14,91,94,Med,Average,91,87,Icons,91,93,92,08-02-1966,54,Med,52,87,93,93,Left,Hristo Stoichkov,54,"178cm | 5'10""",52,4,88,Icons,93,96,Bulgaria,Moment,93,90,94,88,95,,91,Icon,95,93,93,4,92,94,83,92,83,90,96,3,73,
101,80,2020-02-14,90,83,High,Average,68,74,Icons,94,83,99,21-03-1963,96,Med,93,74,83,80,Right,Ronald Koeman,96,"181cm | 5'11""",93,5,88,Icons,90,85,Netherlands,Moment,80,92,99,88,90,,68,Icon,90,90,80,3,87,77,87,87,87,92,85,3,82,
102,95,2020-02-14,88,93,Med,Lean,93,93,Icons,93,93,79,22-07-1963,46,Low,42,93,93,95,Right,Emilio Butragueño Santos,46,"168cm | 5'6""",42,4,72,Icons,77,98,Spain,Moment,95,83,91,72,94,,93,Icon,94,77,95,3,92,96,87,92,87,83,98,5,68,
103,93,2020-02-14,83,93,High,Average,93,92,Icons,91,86,89,11-06-1958,45,Med,46,92,86,94,Left,Hugo Sánchez,45,"176cm | 5'9""",46,4,78,Icons,87,97,Mexico,Moment,93,83,95,78,95,,93,Icon,95,87,94,3,95,92,90,95,90,83,97,4,73,
104,88,2020-02-14,95,94,High,Average,84,81,Icons,91,93,89,30-08-1972,66,Med,62,81,93,91,Right,Pavel Nedvěd,66,"177cm | 5'10""",62,5,84,Icons,93,86,Czech Republic,Moment,88,93,95,84,91,,84,Icon,91,93,91,4,80,86,73,80,73,93,86,5,72,
105,92,2020-02-14,88,92,High,Average,93,92,Icons,96,78,90,04-03-1951,32,Med,42,92,78,96,Right,Kenny Dalglish,32,"173cm | 5'8""",42,1,75,Icons,78,97,Scotland,Moment,92,80,91,75,95,,93,Icon,95,78,96,4,88,94,80,88,80,80,97,5,73,
106,74,2020-02-14,78,70,Med,High & Average,40,54,Icons,91,58,35,19-03-1976,95,High,96,54,58,38,Right,Alessandro Nesta,95,"187cm | 6'2""",96,4,90,Icons,57,40,Italy,Moment,74,68,53,90,43,,40,Icon,43,57,38,2,89,76,85,89,85,68,40,3,79,
107,90,2020-02-14,84,85,High,Lean,79,74,Icons,96,78,73,09-06-1978,51,Med,42,74,78,96,Right,Miroslav Klose,51,"184cm | 6'0""",42,4,83,Icons,78,98,Germany,Moment,90,80,90,83,93,,79,Icon,93,78,96,3,98,94,97,98,97,80,98,4,74,
108,85,2020-02-14,91,86,Med,High & Average,69,72,Icons,88,91,88,26-09-1976,84,High,83,72,91,87,Right,Michael Ballack,84,"188cm | 6'2""",83,4,89,Icons,82,90,Germany,Moment,85,91,98,89,93,,69,Icon,93,82,87,4,87,83,89,87,89,91,90,4,85,
109,91,2020-02-14,91,92,High,Lean,91,94,Icons,96,95,80,27-06-1977,42,Med,48,94,95,98,Left,Raúl González Blanco,42,"180cm | 5'11""",48,4,77,Icons,72,98,Spain,Moment,91,84,91,77,94,,91,Icon,94,72,98,4,97,89,93,97,93,84,98,4,68,
110,93,2020-02-14,96,87,High,High & Average,77,72,Icons,92,87,87,11-03-1978,48,High,48,72,87,93,Right,Didier Drogba,48,"189cm | 6'2""",48,4,94,Icons,79,97,Côte d'Ivoire,Moment,93,81,96,94,95,,77,Icon,95,79,93,4,99,94,96,99,96,81,97,4,91,
111,83,2020-02-26,82,90,High,Average,82,86,FC Bayern München,95,83,91,,42,Med,45,86,83,98,Right,Robert Lewandowski,42,"184cm | 6'0""",45,4,87,Bundesliga,67,95,Poland,TOTW24,83,80,94,87,94,,82,TIF,94,67,98,4,93,83,89,93,89,80,95,4,80,31 years old
112,89,2020-02-29,82,83,High,Average,87,74,Real Madrid,97,75,76,,91,Med,90,74,75,81,Right,Sergio Ramos García,91,"184cm | 6'0""",90,4,88,LaLiga Santander,70,76,Spain,N\A,89,80,96,88,83,,87,Player Moments SBC,83,70,81,3,95,91,96,95,96,80,76,3,82,34 years old
113,81,2020-04-03,78,75,Med,High & Average,63,55,Liverpool,91,70,76,,92,Med,94,55,70,50,Right,Virgil van Dijk,92,"193cm | 6'4""",94,3,90,Premier League,57,55,Netherlands,FUTBirthday2,81,76,86,90,64,,63,FUT Birthday,64,57,50,2,89,77,94,89,94,76,55,5,92,28 years old
114,70,2018-09-19,85,58,Med,Stocky,54,55,Icons,90,58,48,13-04-1978,96,High,94,55,58,41,Right,Carles Puyol Saforcada,96,"178cm | 5'10""",94,4,90,Icons,70,35,Spain,Prime,70,68,71,90,45,,54,Icon,45,70,41,2,92,69,86,92,86,68,35,3,80,
115,92,2018-09-19,87,92,High,Average,91,81,Icons,89,88,83,04-11-1972,42,Low,41,81,88,91,Right,Luís Filipe Madeira Caeiro Figo,42,"180cm | 5'11""",41,5,80,Icons,92,89,Portugal,Prime,92,89,85,80,88,,91,Icon,88,92,91,4,64,93,72,64,72,89,89,4,75,
116,83,2018-09-19,82,92,Med,Average,84,66,Icons,89,94,91,09-11-1974,41,Med,43,66,94,94,Right,Alessandro Del Piero,41,"174cm | 5'9""",43,5,67,Icons,89,95,Italy,Prime,83,89,86,67,92,,84,Icon,92,89,94,4,76,84,58,76,58,89,95,5,74,
117,88,2018-09-19,85,86,High,Average,83,79,Icons,92,72,67,30-11-1960,43,Low,36,79,72,94,Right,Gary Lineker,43,"177cm | 5'10""",36,4,76,Icons,62,95,England,Prime,88,73,88,76,91,,83,Icon,91,62,94,3,88,90,78,88,78,73,95,4,74,
118,68,2018-09-19,93,78,Med,Average,82,83,Icons,93,81,66,12-04-1941,92,Med,93,83,81,61,Right,Bobby Moore,92,"178cm | 5'10""",93,5,85,Icons,72,55,England,Prime,68,83,77,85,64,,82,Icon,64,72,61,2,88,69,84,88,84,83,55,3,72,
119,94,2018-09-19,84,92,Med,Lean,91,90,Icons,91,89,77,22-07-1963,45,Low,41,90,89,92,Right,Emilio Butragueño Santos,45,"168cm | 5'6""",41,4,68,Icons,75,95,Spain,Prime,94,80,87,68,90,,91,Icon,90,75,92,3,88,95,84,88,84,80,95,5,68,
120,80,2018-09-19,78,68,Low,Average,85,82,Icons,91,50,37,13-09-1973,96,High,95,82,50,36,Right,Fabio Cannavaro,96,"176cm | 5'9""",95,5,85,Icons,59,34,Italy,Prime,80,63,57,85,43,,85,Icon,43,59,36,2,90,84,93,90,93,63,34,3,74,,,,,
121,86,2018-09-19,79,85,High,High & Average,74,72,Icons,95,72,78,01-07-1976,23,Low,37,72,72,91,Right,Ruud van Nistelrooy,23,"188cm | 6'2""",37,5,82,Icons,74,95,Netherlands,Prime,86,74,92,82,91,,74,Icon,91,74,91,3,88,85,77,88,77,74,95,3,80,,,,,
122,82,2018-09-19,80,68,Med,Average,61,64,Icons,95,69,31,26-06-1968,96,High,95,64,69,39,Right,Paolo Maldini,96,"186cm | 6'1""",95,4,81,Icons,77,57,Italy,Medium,82,74,73,81,56,,61,Icon,56,77,39,2,92,82,82,92,82,74,57,4,83,,,,,
123,90,2018-09-19,89,91,High,Lean,82,82,Icons,84,86,83,29-11-1973,46,Med,44,82,86,88,Left,Ryan Giggs,46,"179cm | 5'10""",44,4,67,Icons,94,83,Wales,Prime,90,90,74,67,80,,82,Icon,80,94,88,3,57,91,61,57,61,90,83,2,71,,,,,
124,86,2018-09-19,92,85,High,Average,79,85,Icons,91,84,58,10-08-1973,93,High,90,85,84,77,Right,Javier Zanetti,93,"178cm | 5'10""",90,4,81,Icons,95,62,Argentina,Prime,86,88,75,81,63,,79,Icon,63,95,77,2,85,85,50,85,50,88,62,4,74,,,,,
125,84,2018-09-19,82,90,Med,Average,81,82,Icons,95,91,84,10-05-1969,30,Med,37,82,91,94,Right,Dennis Bergkamp,30,"183cm | 6'0""",37,4,78,Icons,84,93,Netherlands,Prime,84,86,91,78,91,,81,Icon,91,84,94,4,64,85,78,64,78,86,93,4,78,,,,,
126,72,2018-09-19,73,67,Med,High & Average,38,52,Icons,89,58,33,19-03-1976,93,High,94,52,58,37,Right,Alessandro Nesta,93,"187cm | 6'2""",94,4,86,Icons,54,39,Italy,Prime,72,65,50,86,42,,38,Icon,42,54,37,2,86,74,84,86,84,65,39,3,79,,,,,
127,92,2018-09-19,70,94,Med,High & Stocky,48,46,Icons,88,74,31,18-11-1963,40,Med,49,46,74,34,Right,Peter Schmeichel,40,"193cm | 6'4""",49,4,90,Icons,35,34,Denmark,Prime,92,88,66,90,87,,48,Icon,87,35,34,1,41,52,75,41,75,88,34,3,92,92,87,88,94,
128,92,2018-09-19,86,92,Med,Average,90,84,Icons,89,88,89,08-02-1966,53,Med,50,84,88,92,Left,Hristo Stoichkov,53,"178cm | 5'10""",50,4,86,Icons,85,94,Bulgaria,Prime,92,86,92,86,93,,90,Icon,93,85,92,4,82,93,79,82,79,86,94,3,73,,,,,
129,91,2018-09-19,81,95,High,Neymar,96,84,Paris Saint-Germain,92,90,87,,36,Med,32,84,90,87,Right,Neymar da Silva Santos Jr.,36,"175cm | 5'9""",32,5,58,Ligue 1 Conforama,87,87,Brazil,N\A,91,87,80,58,85,,96,Normal,85,87,87,5,62,94,61,62,61,87,87,5,68,,,,,28 years old
130,87,2018-09-19,85,92,Med,High & Average+,90,77,Icons,93,88,92,19-04-1972,38,Low,44,77,88,91,Left,Rivaldo Vítor Borba Ferreira,38,"186cm | 6'1""",44,4,78,Icons,89,89,Brazil,Prime,87,88,94,78,91,,90,Icon,91,89,91,4,77,86,75,77,75,88,89,2,75,,,,,
131,88,2018-09-19,88,90,High,Lean,88,92,Icons,92,94,78,27-06-1977,41,Med,47,92,94,96,Left,Raúl González Blanco,41,"180cm | 5'11""",47,4,75,Icons,70,96,Spain,Prime,88,82,87,75,92,,88,Icon,92,70,96,4,96,87,91,96,91,82,96,4,68,,,,,
132,90,2019-09-05,86,90,High,Average,92,90,Icons,94,75,88,04-03-1951,30,Med,41,90,75,93,Right,Kenny Dalglish,30,"173cm | 5'8""",41,4,73,Icons,77,94,Scotland,Prime,90,77,89,73,92,,92,Icon,92,77,93,4,86,92,79,86,79,77,94,5,73,,,,,
133,92,2019-09-05,79,90,High,Average,92,90,Icons,89,84,89,11-07-1958,45,Med,44,90,84,89,Left,Hugo Sánchez,45,"176cm | 5'9""",44,4,75,Icons,85,94,Mexico,Prime,92,81,93,75,93,,92,Icon,93,85,89,3,93,91,86,93,86,81,94,4,73,,,,,
134,90,2019-09-05,83,94,Med,Short & Lean-,88,88,Icons,91,94,88,28-10-1933,49,Low,41,88,94,89,Right,Manuel Franc. dos Santos,49,"169cm | 5'7""",41,4,67,Icons,93,87,Brazil,Medium,90,92,84,67,86,,88,Icon,86,93,89,5,66,91,65,66,65,92,87,4,71,,,,,
135,73,2019-09-05,84,91,Med,Lean,84,76,Icons,95,96,96,19-05-1979,79,Med,71,76,96,87,Right,Andrea Pirlo,79,"177cm | 5'10""",71,4,67,Icons,90,78,Italy,Prime,73,95,80,67,80,,84,Icon,80,90,87,5,54,74,59,54,59,95,78,4,67,,,,,
136,92,2019-09-24,85,95,High,Average,96,95,Real Madrid,90,91,80,,42,Med,36,95,91,89,Right,Eden Hazard,42,"175cm | 5'9""",36,4,67,LaLiga Santander,82,86,Belgium,OTW,92,88,83,67,85,,96,OTW,85,82,89,4,62,95,56,62,56,88,86,4,74,,,,,29 years old
137,77,2019-09-25,91,88,High,Average,78,76,Manchester City,92,95,83,,62,High,62,76,95,90,Right,Kevin De Bruyne,62,"181cm | 5'11""",62,4,80,Premier League,94,83,Belgium,TOTW2,77,93,93,80,88,,78,IF,88,94,90,4,55,78,64,55,64,93,83,5,70,,,,,28 years old
138,91,2019-10-22,81,95,High,Neymar,96,84,Paris Saint-Germain,92,90,87,,36,Med,32,84,90,87,Right,Neymar da Silva Santos Jr.,36,"175cm | 5'9""",32,5,58,Ligue 1 Conforama,87,87,Brazil,N\A,91,87,80,58,85,,96,CL,85,87,87,5,62,94,61,62,61,87,87,5,68,,,,,28 years old
139,92,2019-11-20,85,95,High,Average,96,95,Real Madrid,90,91,80,,42,Med,36,95,91,89,Right,Eden Hazard,42,"175cm | 5'9""",36,4,67,LaLiga Santander,82,86,Belgium,TOTW10,92,88,83,67,85,,96,IF,85,82,89,4,62,95,56,62,56,88,86,4,74,,,,,29 years old
140,77,2019-12-06,90,86,High,High & Average,75,77,Tottenham Hotspur,96,86,72,,37,High,50,77,86,96,Right,Harry Kane,37,"188cm | 6'2""",50,3,86,Premier League,79,97,England,TOTGS,77,84,92,86,94,,75,CL TOTT,94,79,96,3,91,74,81,91,81,84,97,4,89,,,,,26 years old
141,81,2019-12-06,81,89,High,Average,81,85,FC Bayern München,94,81,89,,41,Med,44,85,81,97,Right,Robert Lewandowski,41,"184cm | 6'0""",44,4,86,Bundesliga,65,94,Poland,TOTGS,81,78,93,86,93,,81,CL TOTT,93,65,97,4,91,81,88,91,88,78,94,4,80,,,,,31 years old
142,92,2019-12-13,85,95,High,Average,96,95,Real Madrid,90,90,79,,42,Med,36,95,90,88,Right,Eden Hazard,42,"175cm | 5'9""",36,4,67,LaLiga Santander,81,85,Belgium,N\A,92,87,82,67,84,,96,TOTY Nominee,84,81,88,4,62,95,56,62,56,87,85,4,74,,,,,29 years old
143,77,2019-12-13,90,88,High,Average,78,76,Manchester City,92,95,83,,62,High,62,76,95,89,Right,Kevin De Bruyne,62,"181cm | 5'11""",62,4,79,Premier League,94,82,Belgium,N\A,77,93,92,79,87,,78,TOTY Nominee,87,94,89,4,55,78,63,55,63,93,82,5,70,,,,,28 years old
144,88,2019-12-13,-,90,Med,High & Average,-,-,Atlético Madrid,-,-,-,,-,Med,51,-,-,-,Right,Jan Oblak,-,"188cm | 6'2""",51,3,91,LaLiga Santander,-,-,Slovenia,N\A,88,79,-,91,93,,-,TOTY Nominee,93,-,-,1,-,-,-,-,-,79,-,3,87,88,93,79,90,27 years old
145,95,2019-12-18,89,91,High,Salah,93,89,Liverpool,94,89,73,,57,Med,47,89,89,94,Left,Mohamed Salah,57,"175cm | 5'9""",47,3,78,Premier League,83,92,Egypt,TOTW14,95,86,81,78,88,,93,IF,88,83,94,4,61,96,72,61,72,86,92,3,71,,,,,27 years old
146,77,2019-12-18,88,92,High,Lean,94,95,Real Madrid,90,94,80,,84,High,74,95,94,83,Right,Luka Modric,84,"172cm | 5'8""",74,4,69,LaLiga Santander,88,75,Croatia,N\A,77,92,83,69,80,,94,FUTmas SBC,80,88,83,4,56,80,71,56,71,92,75,4,66,,,,,34 years old
147,92,2020-01-06,-,91,Med,High & Average,-,-,FC Bayern München,-,-,-,,-,Med,63,-,-,-,Right,Manuel Neuer,-,"193cm | 6'4""",63,5,92,Bundesliga,-,-,Germany,N\A,92,95,-,92,91,,-,TOTY Flashback SBC,91,-,-,1,-,-,-,-,-,95,-,4,92,92,91,95,91,34 years old
148,79,2020-01-22,76,74,Med,High & Average,62,54,Liverpool,90,68,74,,91,Med,93,54,68,49,Right,Virgil van Dijk,91,"193cm | 6'4""",93,3,88,Premier League,56,54,Netherlands,TOTW19,79,74,85,88,63,,62,SIF,63,56,49,2,88,75,92,88,92,74,54,3,92,,,,,28 years old
149,99,2020-01-22,88,93,High,Average,95,85,Paris Saint-Germain,91,86,67,,40,Low,42,85,86,95,Right,Kylian Mbappé,40,"178cm | 5'10""",42,3,79,Ligue 1 Conforama,84,95,France,TOTW19,99,84,88,79,90,,95,SIF,90,84,95,5,82,99,80,82,80,84,95,4,73,,,,,21 years old
150,90,2020-01-31,20 years old,91,92,High,Lean,94,90,Atlético Madrid,94,90,68,46,Med,49,90,90,96,Right,João Félix Sequeira,46,"181cm | 5'11""",49,1,81,LaLiga Santander,85,90,Portugal,FutureStars,90,87,94,81,92,,94,Future Stars,92,85,96,5,84,86,91,84,91,87,90,4,70,,,,,
151,86,2020-02-07,31 years old,83,92,High,Stocky,87,95,Manchester City,96,89,78,26,Med,36,95,89,96,Right,Sergio Agüero,26,"173cm | 5'8""",36,4,78,Premier League,75,96,Argentina,N\A,86,83,91,78,93,,87,PL POTM,93,75,96,4,85,88,85,85,85,83,96,4,70,,,,,
152,94,2020-02-07,19 years old,85,90,High,High & Average,82,81,Borussia Dortmund,90,88,78,51,Med,51,81,88,99,Left,Erling Braut Håland,51,"194cm | 6'4""",51,1,94,Bundesliga,71,97,Norway,FutureStars2,94,85,99,94,95,,82,Future Stars,95,71,99,3,90,91,82,90,82,85,97,3,87,,,,,
153,92,2020-02-07,22 years old,88,94,High,Stocky,98,83,Inter,89,91,39,41,Med,54,83,91,97,Right,Lautaro Martínez,41,"174cm | 5'9""",54,1,94,Serie A TIM,67,97,Argentina,FutureStars2,92,82,94,94,92,,98,Future Stars,92,67,97,4,99,92,99,99,99,82,97,4,81,,,,,
154,81,2020-02-14,,93,80,Med,High & Average,71,71,Icons,88,60,90,93,High,95,71,60,63,Right,Laurent Blanc,93,"192cm | 6'4""",95,4,89,Icons,61,68,France,Moment,81,71,78,89,72,,71,Icon,72,61,63,2,89,79,79,89,79,71,68,3,82,19-11-1965,,,,
155,94,2020-02-14,,89,91,High,Lean,95,89,Icons,90,74,81,35,Med,49,89,74,95,Right,Luis Hernández,35,"175cm | 5'9""",49,4,75,Icons,69,98,Mexico,Moment,94,75,91,75,95,,95,Icon,95,69,95,4,99,95,94,99,94,75,98,3,69,22-12-1968,,,,
156,93,2020-02-14,,86,91,High,High & Average,82,80,Icons,89,93,86,53,Med,43,80,93,89,Right,Robert Pirès,53,"187cm | 6'2""",43,4,65,Icons,92,86,France,Moment,93,90,79,65,83,,82,Icon,83,92,89,4,54,94,77,54,77,90,86,4,74,29-10-1973,,,,
157,83,2020-02-14,,86,81,High,Average,72,72,Icons,89,80,91,44,Med,53,72,80,96,Right,Alan Shearer,44,"182cm | 6'0""",53,5,87,Icons,77,99,England,Moment,83,80,99,87,98,,72,Icon,98,77,96,2,95,84,89,95,89,80,99,3,78,13-08-1970,,,,
158,87,2020-02-14,,96,86,Med,High & Average+,75,71,Icons,95,89,61,96,High,93,71,89,92,Right,Patrick Vieira,96,"192cm | 6'4""",93,4,94,Icons,69,80,France,Moment,87,83,88,94,83,,75,Icon,83,69,92,3,96,89,83,96,83,83,80,3,83,23-06-1976,,,,
159,90,2020-02-14,,82,95,High,Average,92,85,Icons,95,95,83,39,Med,39,85,95,88,Right,Michael Laudrup,39,"183cm | 6'0""",39,4,65,Icons,89,86,Denmark,Moment,90,91,82,65,83,,92,Icon,83,89,88,4,72,92,69,72,69,91,86,4,76,15-06-1964,,,,
160,79,2020-02-14,,95,81,High,High & Average,81,76,Icons,89,79,72,94,High,91,76,79,87,Left,Emmanuel Petit,94,"185cm | 6'1""",91,4,91,Icons,74,75,France,Moment,79,83,98,91,85,,81,Icon,85,74,87,3,83,80,79,83,79,83,75,3,79,22-09-1970,,,,
161,75,2020-02-14,,96,84,High,Short & Lean-,70,91,Icons,93,96,76,83,Med,65,91,96,93,Right,Paul Scholes,83,"171cm | 5'7""",65,4,84,Icons,91,85,England,Moment,75,93,95,84,90,,70,Icon,90,91,93,3,84,77,86,84,86,93,85,3,71,16-11-1974,,,,
162,90,2020-02-14,,82,86,High,Average,87,81,Icons,95,84,76,39,Low,42,81,84,99,Right,Patrick Kluivert,39,"188cm | 6'2""",42,4,84,Icons,71,95,Netherlands,Moment,90,81,95,84,93,,87,Icon,93,71,99,4,94,93,95,94,95,81,95,4,78,01-07-1976,,,,
163,92,2020-02-14,,83,91,Med,Average,91,86,Icons,93,85,61,33,Low,39,86,85,93,Right,Hernán Crespo,33,"184cm | 6'0""",39,4,76,Icons,79,97,Argentina,Moment,92,75,89,76,94,,91,Icon,94,79,93,4,94,93,90,94,90,75,97,4,78,05-07-1975,,,,
164,90,2020-02-14,,87,90,High,Lean,83,81,Icons,95,79,71,35,Med,46,81,79,95,Right,Ian Rush,35,"180cm | 5'11""",46,4,82,Icons,67,97,Wales,Moment,90,74,90,82,94,,83,Icon,94,67,95,3,93,87,88,93,88,74,97,5,79,20-10-1961,,,,
165,88,2020-02-14,,96,84,High,Average,80,92,Icons,86,78,59,95,High,92,92,78,83,Right,Michael Essien,95,"177cm | 5'10""",92,4,92,Icons,71,70,Ghana,Moment,88,83,97,92,83,,80,Icon,83,71,83,3,75,90,89,75,89,83,70,4,85,03-12-1982,,,,
166,80,2020-02-14,,96,86,High,Average,66,64,Icons,90,85,86,79,Med,74,64,85,89,Right,Frank Lampard,79,"184cm | 6'0""",74,4,85,Icons,84,93,England,Moment,80,90,93,85,93,,66,Icon,93,84,89,3,72,82,79,72,79,90,93,4,89,20-06-1978,,,,
167,88,2020-02-14,,-,91,Med,High & Average+,-,-,Icons,-,-,-,-,Med,42,-,-,-,Right,Edwin van der Sar,-,"197cm | 6'6""",42,4,97,Icons,-,-,Netherlands,Moment,88,83,-,97,92,,-,Icon,92,-,-,1,-,-,-,-,-,83,-,3,83,29-10-1970,88,92,83,91
168,92,2020-02-14,,84,90,Med,Average,88,88,Icons,93,77,69,24,Med,35,88,77,96,Right,Michael Owen,24,"173cm | 5'8""",35,5,69,Icons,70,98,England,Moment,92,72,89,69,93,,88,Icon,93,70,96,3,88,93,86,88,86,72,98,4,70,14-12-1979,,,,
169,90,2020-02-14,,80,94,High,Short & Lean-,88,89,Icons,92,90,93,34,Med,44,89,90,91,Right,Gianfranco Zola,34,"168cm | 5'6""",44,4,65,Icons,88,96,Italy,Moment,90,90,93,65,94,,88,Icon,94,88,91,4,66,92,56,66,56,90,96,4,67,05-07-1966,,,,
170,96,2020-02-14,,94,91,High,Average,90,91,Icons,94,80,68,55,Med,48,91,80,90,Left,Marc Overmars,55,"173cm | 5'8""",48,4,70,Icons,90,87,Netherlands,Moment,96,83,83,70,85,,90,Icon,85,90,90,3,55,97,65,55,65,83,87,5,72,29-03-1973,,,,
171,75,2020-02-14,,85,73,Med,Average,66,87,Icons,88,73,76,95,High,95,87,73,68,Right,Fernando Hierro Ruiz,95,"187cm | 6'2""",95,4,89,Icons,65,57,Spain,Moment,75,78,85,89,70,,66,Icon,70,65,68,2,96,76,93,96,93,78,57,3,84,23-03-1968,,,,
172,86,2020-02-14,,85,68,Med,High & Average,61,59,Icons,88,58,32,94,Med,94,59,58,52,Right,Rio Ferdinand,94,"189cm | 6'2""",94,4,88,Icons,56,47,England,Moment,86,70,68,88,52,,61,Icon,52,56,52,3,92,88,87,92,87,70,47,3,87,07-11-1978,,,,
173,85,2020-02-14,,86,83,Med,High & Average+,71,60,Icons,95,72,59,38,Low,46,60,72,96,Right,David Trezeguet,38,"187cm | 6'2""",46,4,82,Icons,62,98,France,Moment,85,74,98,82,95,,71,Icon,95,62,96,4,93,83,80,93,80,74,98,4,75,15-10-1977,,,,
174,93,2020-02-14,,89,90,High,Lean,92,85,Icons,96,76,92,46,High,49,85,76,92,Right,Henrik Larsson,46,"178cm | 5'10""",49,4,75,Icons,74,97,Sweden,Moment,93,80,86,75,92,,92,Icon,92,74,92,3,97,95,94,97,94,80,97,4,75,20-09-1971,,,,
175,87,2020-02-14,,81,92,Med,Average,87,86,Icons,89,91,95,46,Low,44,86,91,90,Left,Gheorghe Hagi,46,"172cm | 5'8""",44,4,67,Icons,92,88,Romania,Moment,87,92,94,67,91,,87,Icon,91,92,90,5,60,88,75,60,75,92,88,4,68,05-02-1965,,,,
176,83,2020-02-28,29 years old,99,83,Med,Short & Lean-,84,94,Chelsea,95,82,50,97,High,92,94,82,73,Right,N'Golo Kanté,97,"168cm | 5'6""",92,3,89,Premier League,70,66,France,ShapeShifters2,83,80,72,89,66,,84,ShapeShifters,66,70,73,2,57,84,82,57,82,80,66,3,72,,,,,
177,75,2020-03-03,,78,94,Med,Average,84,89,Icons,86,95,99,29,Low,34,89,95,86,Right,Juan Román Riquelme,29,"183cm | 6'0""",34,4,71,Icons,95,85,Argentina,Moment,75,95,97,71,90,,84,Icon,90,95,86,5,60,72,65,60,65,95,85,4,79,24-06-1978,,,,
178,90,2020-03-06,36 years old,80,92,High,Short and Balanced,89,93,Buenos Aires,87,85,77,47,Low,55,93,85,91,Right,Carlos Tévez,47,"171cm | 5'7""",55,3,94,SAF,80,91,Argentina,N\A,90,84,95,94,90,,89,Libertadores KO Team,90,80,91,4,66,93,67,66,67,84,91,4,77,,,,,
179,89,2020-03-14,27 years old,-,91,Med,High & Average,-,-,Atlético Madrid,-,-,-,-,Med,51,-,-,-,Right,Jan Oblak,-,"188cm | 6'2""",51,3,91,LaLiga Santander,-,-,Slovenia,N\A,89,79,-,91,93,,-,CL MOTM,93,-,-,1,-,-,-,-,-,79,-,3,87,,89,93,79,91
180,86,2020-03-27,29 years old,91,92,High,Average,93,85,FC Barcelona,95,92,91,50,High,59,85,92,95,Left,Antoine Griezmann,50,"176cm | 5'9""",59,4,76,LaLiga Santander,88,94,France,FUTBirthday,86,90,86,76,91,,93,FUT Birthday,91,88,95,4,86,87,93,86,93,90,94,5,73,,,,,
181,82,2020-04-03,27 years old,91,92,High,High & Average,81,71,Manchester United,88,93,86,71,Med,74,71,93,90,Right,Paul Pogba,71,"191cm | 6'3""",74,4,90,Premier League,84,81,France,FUTBirthday2,82,91,97,90,88,,81,FUT Birthday,88,84,90,5,84,74,85,84,85,91,81,5,84,,,,,
182,85,2018-09-19,,78,92,Med,Average,87,82,Icons,89,94,79,37,Med,38,82,94,85,Right,Michael Laudrup,37,"183cm | 6'0""",38,4,64,Icons,93,80,Denmark,Prime,85,90,75,64,79,,87,Icon,79,93,85,4,69,86,65,69,65,90,80,4,78,15-06-1964,,,,
183,72,2018-09-19,,94,80,High,Short & Lean-,68,89,Icons,89,94,73,82,Med,64,89,94,92,Right,Paul Scholes,82,"171cm | 5'7""",64,4,82,Icons,89,84,England,Prime,72,91,91,82,87,,68,Icon,87,89,92,3,83,73,85,83,85,91,84,3,71,16-11-1974,,,,
184,79,2018-09-19,,89,78,Med,High & Average,70,70,Icons,88,58,72,90,High,92,70,58,61,Right,Laurent Blanc,90,"192cm | 6'4""",92,4,86,Icons,57,67,France,Prime,79,70,77,86,69,,70,Icon,69,57,61,2,86,77,77,86,77,70,67,3,82,19-11-1965,,,,
185,83,2018-09-19,,78,90,Med,Average,86,84,Icons,88,89,94,44,Low,43,84,89,88,Left,Gheorghe Hagi,44,"172cm | 5'8""",43,4,65,Icons,89,85,Romania,Prime,83,90,93,65,89,,86,Icon,89,89,88,4,58,84,74,58,74,90,85,4,68,05-02-1965,,,,
186,73,2018-09-19,,83,70,Med,Average,65,85,Icons,85,72,75,94,High,93,85,72,66,Right,Fernando Hierro Ruiz,94,"187cm | 6'2""",93,4,87,Icons,64,56,Spain,Prime,73,76,83,87,68,,65,Icon,68,64,66,2,94,73,92,94,92,76,56,3,84,23-03-1968,,,,
187,88,2018-09-19,,84,89,Med,High & Average+,81,79,Icons,84,91,84,47,Med,40,79,91,88,Right,Robert Pirès,47,"187cm | 6'2""",40,4,64,Icons,89,86,France,Prime,88,88,77,64,82,,81,Icon,82,89,88,4,53,88,76,53,76,88,86,4,74,29-10-1973,,,,
188,87,2018-09-19,,90,77,High,Average,74,77,Icons,87,90,90,92,High,89,77,90,86,Right,Lothar Matthäus,92,"174cm | 5'9""",89,4,82,Icons,81,77,Germany,Medium,87,86,92,82,84,,74,Icon,84,81,86,3,77,90,72,77,72,86,77,4,70,21-03-1961,,,,
189,91,2018-09-19,,81,92,High,Ronaldinho,92,86,Icons,91,90,89,26,Low,36,86,90,85,Right,Ronaldo de Assis Moreira,26,"180cm | 5'11""",36,5,79,Icons,89,88,Brazil,Medium,91,88,84,79,86,,92,Icon,86,89,85,5,51,93,84,51,84,88,88,4,76,21-03-1980,,,,
190,90,2018-09-19,,80,88,Med,Average,86,85,Icons,91,74,68,24,Med,34,85,74,94,Right,Michael Owen,24,"173cm | 5'8""",34,5,67,Icons,69,94,England,Prime,90,70,86,67,89,,86,Icon,89,69,94,3,84,91,84,84,84,70,94,4,70,14-12-1979,,,,
191,81,2018-09-19,,84,78,High,Average,71,71,Icons,87,76,86,44,Med,52,71,76,92,Right,Alan Shearer,44,"182cm | 6'0""",52,5,85,Icons,77,95,England,Prime,81,77,94,85,93,,71,Icon,93,77,92,2,94,82,88,94,88,77,95,3,78,13-08-1970,,,,
192,83,2018-09-19,,83,67,Med,High & Average+,59,56,Icons,87,73,41,91,High,90,56,73,52,Right,Marcel Desailly,91,"185cm | 6'1""",90,4,90,Icons,45,40,France,Prime,83,66,73,90,52,,59,Icon,52,45,52,2,89,82,84,89,84,66,40,3,81,07-09-1968,,,,
193,88,2018-09-19,,77,87,High,Average,81,79,Icons,88,76,90,38,High,34,79,76,94,Right,Andriy Shevchenko,38,"183cm | 6'0""",34,4,75,Icons,63,93,Ukraine,Prime,88,72,92,75,92,,81,Icon,92,63,94,3,86,86,86,86,86,72,93,4,72,29-09-1976,,,,
194,86,2018-09-19,,79,83,High,Average,76,77,Icons,90,84,78,39,Low,41,77,84,92,Right,Patrick Kluivert,39,"188cm | 6'2""",41,4,82,Icons,67,90,Netherlands,Prime,86,80,92,82,88,,76,Icon,88,67,92,4,92,86,91,92,91,80,90,4,81,01-07-1976,,,,
195,85,2018-09-19,,30,89,Med,High & Average+,42,45,Icons,83,70,9,25,Med,40,45,70,10,Right,Edwin van der Sar,25,"197cm | 6'6""",40,4,95,Icons,11,6,Netherlands,Prime,85,81,61,95,90,,42,Icon,90,11,10,1,10,40,74,10,74,81,6,3,83,29-10-1970,85,90,81,89
196,83,2018-09-19,,94,85,Med,High & Average+,74,70,Icons,89,89,60,94,High,90,70,89,79,Right,Patrick Vieira,94,"192cm | 6'4""",90,4,91,Icons,67,78,France,Prime,83,82,84,91,80,,74,Icon,80,67,79,3,83,85,81,83,81,82,78,3,83,23-06-1976,,,,
197,77,2018-09-19,,89,85,High,Average,71,69,Icons,87,88,82,76,Med,77,69,88,89,Right,Steven Gerrard,76,"183cm | 6'0""",77,4,84,Icons,88,88,England,Prime,77,90,92,84,90,,71,Icon,90,88,89,3,75,75,74,75,74,90,88,3,83,30-05-1980,,,,
198,93,2018-09-19,,48,93,Med,High & Average,81,66,Icons,89,77,28,41,Med,62,66,77,32,Right,Lev Yashin,41,"189cm | 6'2""",62,4,92,Icons,31,13,Russia,Medium,93,73,55,92,85,,81,Icon,85,31,32,1,18,67,89,18,89,73,13,3,82,22-10-1929,93,85,73,93
199,85,2018-09-19,,90,90,High,Average,82,78,Icons,88,90,88,64,Med,60,78,90,89,Right,Pavel Nedvěd,64,"177cm | 5'10""",60,5,81,Icons,90,84,Czech Republic,Prime,85,90,91,81,88,,82,Icon,88,90,89,4,78,84,70,78,70,90,84,5,72,30-08-1972,,,,
200,94,2018-09-19,,88,93,High,Average,97,94,Icons,92,91,86,61,Med,53,94,91,92,Right,Edson Arantes Nascimento,61,"172cm | 5'8""",53,5,73,Icons,87,91,Brazil,Base,94,88,84,73,89,,97,Icon,89,87,92,5,83,94,88,83,88,88,91,4,68,23-10-1940,,,,
201,79,2018-09-19,,72,87,Med,High & Average+,80,70,Icons,92,78,77,48,Low,40,70,78,97,Right,Marco van Basten,48,"188cm | 6'2""",40,4,70,Icons,73,95,Netherlands,Medium,79,75,92,70,92,,80,Icon,92,73,97,3,88,77,78,88,78,75,95,4,80,31-10-1964,,,,
202,93,2018-09-19,,80,94,High,Base Maradona,91,98,Icons,87,90,91,38,Med,38,98,90,88,Left,Diego Maradona,38,"165cm | 5'5""",38,5,76,Icons,84,89,Argentina,Base,93,87,80,76,87,,91,Icon,87,84,88,5,66,95,84,66,84,87,89,3,68,30-10-1960,,,,
203,92,2018-09-19,,94,81,High,Short and Balanced,79,87,Icons,91,75,97,93,High,86,87,75,70,Left,Roberto Carlos da Silva Rocha,93,"168cm | 5'6""",86,5,86,Icons,89,76,Brazil,Prime,92,84,97,86,83,,79,Icon,83,89,70,3,78,93,84,78,84,84,76,2,69,10-04-1973,,,,
204,76,2018-09-19,28 years old,89,87,High,Average,78,76,Manchester City,91,94,83,61,High,61,76,94,88,Right,Kevin De Bruyne,61,"181cm | 5'11""",61,4,78,Premier League,93,82,Belgium,N\A,76,92,91,78,86,,78,Normal,86,93,88,4,55,77,63,55,63,92,82,5,70,,,,,
205,91,2018-09-19,29 years old,84,94,High,Average,95,94,Real Madrid,90,89,79,41,Med,35,94,89,87,Right,Eden Hazard,41,"175cm | 5'9""",35,4,66,LaLiga Santander,81,84,Belgium,N\A,91,86,82,66,83,,95,Normal,83,81,87,4,61,94,56,61,56,86,84,4,74,,,,,
206,87,2018-09-19,27 years old,41,89,Med,High & Average,67,49,Atlético Madrid,88,65,14,19,Med,50,49,65,11,Right,Jan Oblak,19,"188cm | 6'2""",50,3,90,LaLiga Santander,13,11,Slovenia,N\A,87,78,59,90,92,,67,Normal,92,13,11,1,15,43,78,15,78,78,11,3,87,,87,92,78,89
207,80,2018-09-19,,84,88,Med,Stocky,75,88,Icons,93,92,85,82,Med,68,88,92,88,Right,Clarence Seedorf,82,"176cm | 5'9""",68,4,82,Icons,88,82,Netherlands,Prime,80,90,91,82,87,,75,Icon,87,88,88,4,61,78,74,61,74,90,82,4,78,01-04-1976,,,,
208,81,2018-09-19,,88,83,Med,High & Average,68,70,Icons,85,87,87,82,High,81,70,87,85,Right,Michael Ballack,82,"188cm | 6'2""",81,4,86,Icons,80,87,Germany,Prime,81,88,94,86,90,,68,Icon,90,80,85,4,86,80,87,86,87,88,87,4,85,26-09-1976,,,,
209,81,2018-09-19,,83,82,Med,High & Average+,69,57,Icons,92,69,57,37,Low,45,57,69,95,Right,David Trezeguet,37,"187cm | 6'2""",45,4,80,Icons,59,96,France,Prime,81,70,93,80,92,,69,Icon,92,59,95,4,92,80,77,92,77,70,96,4,75,15-10-1977,,,,
210,84,2018-09-19,92,90,High,High & Average+,83,60,Icons,86,94,89,19-02-1954,34,Med,45,60,94,88,Right,Sócrates Vieira de Oliveira,34,"192cm | 6'4""",45,4,84,Icons,89,87,Brazil,Prime,84,91,92,84,90,,83,Icon,90,89,88,4,88,85,70,88,70,91,87,5,79,,,,,
211,69,2018-09-19,82,70,Med,Average,72,75,Icons,91,71,45,08-05-1960,96,High,94,75,71,42,Right,Franco Baresi,96,"176cm | 5'9""",94,5,80,Icons,63,44,Italy,Medium,69,74,53,80,48,,72,Icon,48,63,42,2,89,60,80,89,80,74,44,3,71,,,,,
212,88,2018-09-19,81,82,High,Lean,78,73,Icons,93,74,72,09-06-1978,51,Med,41,73,74,92,Right,Miroslav Klose,51,"184cm | 6'0""",41,4,81,Icons,76,93,Germany,Prime,88,76,87,81,88,,78,Icon,88,76,92,3,94,92,93,94,93,76,93,4,74,,,,,
213,93,2018-09-19,88,90,High,Average,92,86,Icons,91,90,85,25-01-1942,36,Med,42,86,90,92,Right,Eusébio da Silva Ferreira,36,"175cm | 5'9""",42,4,74,Icons,88,94,Portugal,Medium,93,88,93,74,93,,92,Icon,93,88,92,4,86,92,86,86,86,88,94,5,76,,,,,
214,91,2018-09-19,81,93,High,Lean,94,80,Icons,93,91,82,25-04-1947,43,Low,41,80,91,90,Right,Johan Cruyff,43,"180cm | 5'11""",41,5,72,Icons,85,91,Netherlands,Medium,91,88,82,72,89,,94,Icon,89,85,90,5,62,93,65,62,65,88,91,5,70,,,,,
215,88,2018-09-19,75,90,Med,Average,82,80,Icons,87,92,87,18-02-1967,37,Low,38,80,92,86,Right,Roberto Baggio,37,"174cm | 5'9""",38,4,60,Icons,85,85,Italy,Medium,88,89,73,60,82,,82,Icon,82,85,86,5,74,91,62,74,62,89,85,4,72,,,,,
216,84,2019-09-05,88,90,High,High & Average,77,85,Icons,90,92,91,23-06-1972,85,Med,73,85,92,85,Right,Zinedine Zidane,85,"185cm | 6'1""",73,4,81,Icons,88,84,France,Base,84,91,87,81,86,,77,Icon,86,88,85,5,83,86,75,83,75,91,84,5,77,,,,,
217,75,2019-09-05,86,80,High,Average,66,72,Icons,91,82,97,21-03-1963,93,Med,90,72,82,78,Right,Ronald Koeman,93,"181cm | 5'11""",90,5,86,Icons,88,82,Netherlands,Prime,75,89,98,86,88,,66,Icon,88,88,78,3,85,73,85,85,85,89,82,3,82,,,,,
218,86,2019-09-05,84,86,High,Lean,80,79,Icons,91,77,70,20-10-1961,34,Med,45,79,77,93,Right,Ian Rush,34,"180cm | 5'11""",45,4,81,Icons,67,94,Wales,Prime,86,72,88,81,92,,80,Icon,92,67,93,3,92,84,86,92,86,72,94,4,79,,,,,
219,90,2019-09-05,89,82,High,High & Average,73,68,Icons,88,80,84,11-03-1978,47,High,47,68,80,92,Right,Didier Drogba,47,"189cm | 6'2""",47,3,90,Icons,77,95,Côte d'Ivoire,Prime,90,77,94,90,92,,73,Icon,92,77,92,4,95,91,91,95,91,77,95,4,88,,,,,
220,91,2019-09-05,87,92,High,High & Average,88,86,Icons,90,91,82,22-04-1982,48,Med,44,86,91,86,Right,Kaká,48,"186cm | 6'1""",44,4,73,Icons,87,85,Brazil,Prime,91,88,87,73,86,,88,Icon,86,87,86,5,61,92,57,61,57,88,85,4,78,,,,,
221,88,2019-10-18,87,90,High,Stocky,85,93,Manchester City,94,85,74,,25,Med,35,93,85,95,Right,Sergio Agüero,25,"173cm | 5'8""",35,4,82,Premier League,71,95,Argentina,UltimateScream1,88,79,90,82,92,,85,Halloween,92,71,95,4,82,90,89,82,89,79,95,4,70,31 years old,,,,
222,76,2019-10-22,89,87,High,Average,78,76,Manchester City,91,94,83,,61,High,61,76,94,88,Right,Kevin De Bruyne,61,"181cm | 5'11""",61,4,78,Premier League,93,82,Belgium,N\A,76,92,91,78,86,,78,CL,86,93,88,4,55,77,63,55,63,92,82,5,70,28 years old,,,,
223,87,2019-10-22,-,89,Med,High & Average,-,-,Atlético Madrid,-,-,-,,-,Med,50,-,-,-,Right,Jan Oblak,-,"188cm | 6'2""",50,3,90,LaLiga Santander,-,-,Slovenia,N\A,87,78,-,90,92,,-,CL,92,-,-,1,-,-,-,-,-,78,-,3,87,27 years old,87,92,78,89
224,91,2019-10-22,84,94,High,Average,95,94,Real Madrid,90,89,79,,41,Med,35,94,89,87,Right,Eden Hazard,41,"175cm | 5'9""",35,4,66,LaLiga Santander,81,84,Belgium,N\A,91,86,82,66,83,,95,CL,83,81,87,4,61,94,56,61,56,86,84,4,74,29 years old,,,,
225,81,2019-11-08,99,84,Med,Short & Lean-,85,95,Chelsea,96,83,51,,94,High,89,95,83,75,Right,N'Golo Kanté,94,"168cm | 5'6""",89,3,85,Premier League,71,68,France,RTTF1,81,81,74,85,68,,85,UCL LIVE,68,71,75,2,55,82,78,55,78,81,68,3,72,29 years old,,,,
226,79,2019-11-13,79,88,High,Average,80,84,FC Bayern München,93,80,88,,40,Med,43,84,80,95,Right,Robert Lewandowski,40,"184cm | 6'0""",43,4,84,Bundesliga,64,92,Poland,TOTW9,79,77,91,84,91,,80,SIF,91,64,95,4,89,79,86,89,86,77,92,4,80,31 years old,,,,
227,73,2019-11-20,89,84,High,High & Average,73,75,Tottenham Hotspur,94,85,71,,36,High,49,75,85,95,Right,Harry Kane,36,"188cm | 6'2""",49,3,85,Premier League,78,96,England,TOTW10,73,83,91,85,93,,73,SIF,93,78,95,3,89,70,80,89,80,83,96,4,89,26 years old,,,,
228,75,2019-11-27,86,91,High,Lean,93,94,Real Madrid,89,93,79,,83,High,73,94,93,81,Right,Luka Modric,83,"172cm | 5'8""",73,4,67,LaLiga Santander,87,73,Croatia,TOTW11,75,91,81,67,78,,93,IF,78,87,81,4,55,78,69,55,69,91,73,4,66,34 years old,,,,
229,78,2019-12-04,75,73,Med,High & Average,61,53,Liverpool,89,66,72,,90,Med,92,53,66,47,Right,Virgil van Dijk,90,"193cm | 6'4""",92,3,87,Premier League,54,52,Netherlands,TOTW12,78,72,82,87,61,,61,IF,61,54,47,2,87,74,91,87,91,72,52,3,92,28 years old,,,,
230,98,2019-12-06,87,92,High,Average,94,84,Paris Saint-Germain,90,84,66,,39,Low,41,84,84,93,Right,Kylian Mbappé,39,"178cm | 5'10""",41,3,78,Ligue 1 Conforama,82,93,France,TOTGS,98,82,86,78,88,,94,CL TOTT,88,82,93,5,80,98,79,80,79,82,93,4,73,21 years old,,,,
231,94,2019-12-06,87,90,High,Salah,92,88,Liverpool,93,87,71,,56,Med,46,88,87,93,Left,Mohamed Salah,56,"175cm | 5'9""",46,3,76,Premier League,81,91,Egypt,TOTGS,94,84,80,76,87,,92,CL TOTT,87,81,93,4,60,95,70,60,70,84,91,3,71,27 years old,,,,
232,90,2019-12-06,-,92,Med,High & Average,-,-,FC Barcelona,-,-,-,,-,Med,44,-,-,-,Right,Marc-André ter Stegen,-,"187cm | 6'2""",44,3,90,LaLiga Santander,-,-,Germany,TOTGS,90,89,-,90,86,,-,CL TOTT,86,-,-,1,-,-,-,-,-,89,-,4,85,27 years old,90,86,89,92
233,97,2019-12-13,89,91,High,Average,95,88,Liverpool,93,89,68,,37,Med,47,88,89,95,Right,Sadio Mané,37,"175cm | 5'9""",47,3,78,Premier League,79,92,Senegal,N\A,97,83,89,78,88,,95,PL POTM,88,79,95,4,86,98,90,86,90,83,92,4,69,28 years old,,,,
234,75,2019-12-13,86,91,High,Lean,93,94,Real Madrid,89,92,78,,83,High,73,94,92,80,Right,Luka Modric,83,"172cm | 5'8""",73,4,67,LaLiga Santander,86,72,Croatia,N\A,75,90,80,67,77,,93,TOTY Nominee,77,86,80,4,55,78,69,55,69,90,72,4,66,34 years old,,,,
235,78,2019-12-13,75,73,Med,High & Average,61,53,Liverpool,89,65,71,,89,Med,91,53,65,47,Right,Virgil van Dijk,89,"193cm | 6'4""",91,3,87,Premier League,53,52,Netherlands,N\A,78,71,82,87,61,,61,TOTY Nominee,61,53,47,2,86,74,91,86,91,71,52,3,92,28 years old,,,,
236,94,2019-12-13,86,90,High,Salah,92,88,Liverpool,93,85,69,,56,Med,46,88,85,93,Left,Mohamed Salah,56,"175cm | 5'9""",46,3,75,Premier League,79,91,Egypt,N\A,94,82,80,75,87,,92,TOTY Nominee,87,79,93,4,60,95,69,60,69,82,91,3,71,27 years old,,,,
237,89,2019-12-13,-,91,Med,High & Average,-,-,FC Barcelona,-,-,-,,-,Med,44,-,-,-,Right,Marc-André ter Stegen,-,"187cm | 6'2""",44,3,89,LaLiga Santander,-,-,Germany,N\A,89,89,-,89,86,,-,TOTY Nominee,86,-,-,1,-,-,-,-,-,89,-,4,85,27 years old,89,86,89,91
238,79,2020-01-06,74,96,High,Short & Lean-,87,89,Vissel Kobe,90,99,76,,74,Med,70,89,99,90,Right,Andrés Iniesta Luján,74,"171cm | 5'7""",70,4,76,Meiji Yasuda J1 League,84,81,Spain,N\A,79,94,77,76,81,,87,TOTY Flashback Obj,81,84,90,4,60,79,54,60,54,94,81,4,68,35 years old,,,,
239,79,2020-01-06,83,87,High,Average,81,81,FC Barcelona,95,85,85,,43,Med,54,81,85,95,Right,Luis Suárez,43,"182cm | 6'0""",54,5,86,LaLiga Santander,80,94,Uruguay,N\A,79,83,90,86,92,,81,LaLiga POTM SBC,92,80,95,3,87,82,70,87,70,83,94,4,86,33 years old,,,,
240,90,2020-01-09,25 years old,99,96,High,Lean,98,96,Manchester City,88,91,71,51,High,54,96,91,96,Left,Bernardo Mota Carvalho e Silva,51,"173cm | 5'8""",54,2,73,Premier League,91,88,Portugal,N\A,90,89,83,73,86,,98,Player Moments SBC,86,91,96,4,54,94,55,54,55,89,88,3,64,,,,,
241,84,2020-01-15,31 years old,82,91,High,Stocky,86,94,Manchester City,95,87,76,25,Med,35,94,87,95,Right,Sergio Agüero,25,"173cm | 5'8""",35,4,77,Premier League,73,95,Argentina,TOTW18,84,81,90,77,92,,86,Record Breaker,92,73,95,4,82,86,84,82,84,81,95,4,70,,,,,
242,99,2020-01-21,24 years old,88,92,High,Lean,92,85,Manchester City,86,90,90,39,Med,44,85,90,92,Left,Leroy Sané,39,"183cm | 6'0""",44,2,79,Premier League,91,89,Germany,N\A,99,87,95,79,89,,92,Player Moments Obj,89,91,92,4,83,96,72,83,72,87,89,3,75,,,,,
243,90,2020-01-24,30 years old,81,90,High,Lean,88,86,Borussia Dortmund,90,91,91,51,Med,48,86,91,92,Right,Marco Reus,51,"180cm | 5'11""",48,4,71,Bundesliga,86,89,Germany,Headliners2,90,89,91,71,91,,88,Headliners,91,86,92,4,52,90,76,52,76,89,89,4,71,,,,,
244,84,2020-01-24,32 years old,79,94,Med,High & Average+,79,68,Atalanta,92,96,94,53,Med,50,68,96,91,Left,Josip Ilicic,53,"190cm | 6'3""",50,3,76,Serie A TIM,90,89,Slovenia,Headliners2,84,93,97,76,93,,79,Headliners,93,90,91,4,67,86,37,67,37,93,89,4,79,,,,,
245,95,2020-01-31,19 years old,99,93,Med,Lean,99,97,Real Madrid,89,89,96,28,Med,40,97,89,97,Right,Rodrygo Silva de Goes,28,"174cm | 5'9""",40,1,70,LaLiga Santander,92,90,Brazil,FutureStars,95,86,86,70,88,,99,Future Stars,88,92,97,4,85,96,89,85,89,86,90,3,64,,,,,
246,88,2020-01-31,19 years old,88,88,Med,Average,80,85,Brescia,84,85,77,88,High,86,85,85,76,Right,Sandro Tonali,88,"181cm | 5'11""",86,1,91,Serie A TIM,83,76,Italy,FutureStars,88,87,94,91,82,,80,Future Stars,82,83,76,3,84,92,76,84,76,87,76,4,79,,,,,
247,85,2020-02-07,21 years old,84,91,Med,Average,84,81,Real Madrid,93,95,58,86,Med,83,81,95,80,Right,Federico Valverde,86,"182cm | 6'0""",83,1,84,LaLiga Santander,68,81,Uruguay,FutureStars2,85,89,93,84,84,,84,Future Stars,84,68,80,3,61,82,55,61,55,89,81,3,78,,,,,
248,75,2020-02-12,34 years old,82,78,High,Average,82,69,Real Madrid,91,72,73,91,Med,90,69,72,69,Right,Sergio Ramos García,91,"184cm | 6'0""",90,4,88,LaLiga Santander,67,65,Spain,TOTW22,75,77,82,88,71,,82,IF,71,67,69,3,95,77,96,95,96,77,65,3,82,,,,,
249,78,2020-02-14,28 years old,97,89,High,Lean,83,84,Inter,93,95,88,59,High,56,84,95,95,Right,Christian Eriksen,59,"181cm | 5'11""",56,3,66,Serie A TIM,90,86,Denmark,Winter-Refresh,78,93,94,66,91,,83,Winter Refresh,91,90,95,4,54,80,52,54,52,93,86,5,76,,,,,
250,85,2020-02-14,,91,88,High,Average,82,77,Icons,93,89,83,45,Med,37,77,89,97,Right,Jari Litmanen,45,"181cm | 5'11""",37,4,65,Icons,78,95,Finland,Moment,85,85,88,65,93,,82,Icon,93,78,97,3,78,84,66,78,66,85,95,4,76,20-02-1971,,,,
251,90,2020-02-14,,-,90,Med,High & Average,-,-,Icons,-,-,-,-,Med,60,-,-,-,Right,Jens Lehmann,-,"190cm | 6'3""",60,4,92,Icons,-,-,Germany,Moment,90,88,-,92,94,,-,Icon,94,-,-,1,-,-,-,-,-,88,-,3,87,10-11-1969,90,94,88,90
252,82,2020-02-14,,77,85,Med,Lean,83,84,Icons,97,74,72,54,Low,37,84,74,99,Right,Filippo Inzaghi,54,"181cm | 5'11""",37,4,66,Icons,50,99,Italy,Moment,82,70,91,66,97,,83,Icon,97,50,99,3,96,84,90,96,90,70,99,3,75,09-08-1973,,,,
253,85,2020-02-14,,91,93,High,Short & Lean-,89,87,Icons,89,94,88,60,Med,52,87,94,87,Right,Anderson Luís de Souza,60,"174cm | 5'9""",52,4,72,Icons,85,78,Portugal,Moment,85,92,90,72,85,,89,Icon,85,85,87,4,64,88,45,64,45,92,78,3,73,27-08-1977,,,,
254,81,2020-02-14,,91,82,Med,High & Average+,74,56,Icons,89,86,60,92,Med,91,56,86,79,Right,Frank Rijkaard,92,"187cm | 6'2""",91,4,88,Icons,78,78,Netherlands,Moment,81,84,88,88,81,,74,Icon,81,78,79,3,88,79,84,88,84,84,78,4,85,30-09-1962,,,,
255,74,2020-02-14,,94,83,Med,Average,70,78,Icons,93,88,73,96,High,91,78,88,78,Right,Roy Keane,96,"180cm | 5'11""",91,4,92,Icons,74,71,Republic of Ireland,Moment,74,86,66,92,73,,70,Icon,73,74,78,2,88,73,86,88,86,86,71,3,76,10-08-1971,,,,
256,85,2020-02-14,,84,56,Low,High & Stocky,54,55,Icons,88,60,21,90,Med,94,55,60,38,Right,Sol Campbell,90,"188cm | 6'2""",94,4,93,Icons,47,45,England,Moment,85,63,65,93,46,,54,Icon,46,47,38,2,96,81,89,96,89,63,45,3,90,18-09-1974,,,,
257,79,2020-02-14,,92,88,Med,High & Average,74,74,Icons,90,91,90,85,Med,80,74,91,86,Right,Juan Sebastián Verón,85,"186cm | 6'1""",80,4,88,Icons,89,78,Argentina,Moment,79,91,96,88,86,,74,Icon,86,89,86,3,80,81,79,80,79,91,78,4,80,09-03-1975,,,,
258,88,2020-02-14,,90,91,Med,Average,89,86,Icons,90,90,93,67,Med,45,86,90,90,Right,Rui Manuel César Costa,67,"180cm | 5'11""",45,4,81,Icons,88,77,Portugal,Moment,88,90,89,81,84,,89,Icon,84,88,90,4,51,85,81,51,81,90,77,4,74,29-03-1972,,,,
259,86,2020-02-14,,84,85,Med,Stocky,64,72,Icons,90,71,70,40,Med,41,72,71,95,Left,Christian Vieri,40,"185cm | 6'1""",41,4,86,Icons,66,96,Italy,Moment,86,76,92,86,93,,64,Icon,93,66,95,3,94,87,85,94,85,76,96,4,80,12-07-1973,,,,
260,83,2020-02-14,,96,83,Low,Average,88,92,Icons,91,84,36,94,High,91,92,84,61,Right,Claude Makélélé,94,"174cm | 5'9""",91,4,91,Icons,73,49,France,Moment,83,80,61,91,51,,88,Icon,51,73,61,3,63,85,86,63,86,80,49,3,70,18-02-1973,,,,
261,93,2020-02-14,,93,88,High,Average,79,82,Icons,91,83,65,91,Med,91,82,83,86,Right,Gianluca Zambrotta,91,"181cm | 5'11""",91,4,89,Icons,92,70,Italy,Moment,93,87,92,89,74,,79,Icon,74,92,86,4,82,91,84,82,84,87,70,5,76,19-02-1977,,,,
262,92,2020-02-14,,90,93,High,Average,89,82,Icons,87,89,89,36,Med,48,82,89,91,Left,John Barnes,36,"182cm | 6'0""",48,4,87,Icons,91,93,England,Moment,92,88,89,87,91,,89,Icon,91,91,91,4,76,89,74,76,74,88,93,4,76,07-11-1963,,,,
263,90,2020-02-14,,77,96,Med,Average,94,93,Icons,89,89,95,47,Low,41,93,89,92,Right,Jay-Jay Okocha,47,"173cm | 5'8""",41,3,63,Icons,83,82,Nigeria,Moment,90,85,89,63,87,,94,Icon,87,83,92,5,64,93,55,64,55,85,82,4,70,14-08-1973,,,,
264,81,2020-02-14,,92,83,Med,Lean,84,85,Icons,87,95,76,89,High,89,85,95,64,Right,Josep Guardiola Sala,89,"180cm | 5'11""",89,1,84,Icons,90,63,Spain,Moment,81,90,84,84,70,,84,Icon,70,90,64,3,84,80,87,84,87,90,63,3,73,18-01-1971,,,,
265,70,2020-02-17,31 years old,73,82,High,High & Average,71,66,Borussia Dortmund,97,89,59,93,Med,93,66,89,62,Right,Mats Hummels,93,"191cm | 6'3""",93,4,86,Bundesliga,72,61,Germany,N\A,70,86,79,86,65,,71,Flashback SBC,65,72,62,3,90,63,76,90,76,86,61,3,94,,,,,
266,90,2020-02-21,31 years old,86,94,High,Average,89,90,Real Madrid,89,88,74,84,Med,80,90,88,96,Left,Marcelo Vieira da Silva,84,"174cm | 5'9""",80,4,86,LaLiga Santander,98,84,Brazil,ShapeShifters,90,92,95,86,86,,89,ShapeShifters,86,98,96,5,77,91,83,77,83,92,84,4,75,,,,,
267,86,2020-02-21,32 years old,75,88,Med,High & Average,81,69,Arsenal,95,84,90,90,High,88,69,84,72,Right,David Luiz Moreira Marinho,90,"189cm | 6'2""",88,4,90,Premier League,80,73,Brazil,ShapeShifters,86,88,99,90,87,,81,ShapeShifters,87,80,72,3,86,81,91,86,91,88,73,3,86,,,,,
268,91,2020-02-28,37 years old,80,93,High,Short & Lean-,93,96,Fiorentina,91,93,90,39,Med,36,96,93,89,Right,Franck Ribéry,39,"170cm | 5'7""",36,4,78,Serie A TIM,88,86,France,ShapeShifters2,91,90,87,78,86,,93,ShapeShifters,86,88,89,5,49,93,47,49,47,90,86,5,72,,,,,
269,89,2020-03-01,34 years old,81,91,High,Stocky,79,92,Derby County,98,91,92,70,High,70,92,91,90,Right,Wayne Rooney,70,"176cm | 5'9""",70,4,88,EFL Championship,81,90,England,N\A,89,89,96,88,92,,79,Flashback SBC,92,81,90,3,93,89,85,93,85,89,90,4,83,,,,,
270,70,2020-03-03,71,93,Med,Average,82,88,Icons,86,95,93,24-06-1978,26,Low,32,88,95,85,Right,Juan Román Riquelme,26,"183cm | 6'0""",32,4,69,Icons,91,84,Argentina,Prime,70,93,90,69,87,,82,Icon,87,91,85,5,59,67,64,59,64,93,84,4,79,,,,,
271,94,2020-03-06,89,92,High,Average,88,86,Buenos Aires,84,89,77,,64,Med,62,86,89,98,Right,Eduardo Salvio,64,"172cm | 5'8""",62,2,82,SAF,89,87,Argentina,N\A,94,88,94,82,89,,88,Libertadores KO Team,89,89,98,4,78,97,99,78,99,88,87,4,66,29 years old,,,,
272,90,2020-03-06,80,89,High,Average,85,87,Racing Club,85,85,83,,57,High,55,87,85,92,Right,Lisandro López,57,"174cm | 5'9""",55,2,87,SAF,75,94,Argentina,N\A,90,83,90,87,90,,85,Libertadores KO Team,90,75,92,4,86,88,98,86,98,83,94,4,72,37 years old,,,,
273,91,2020-03-06,85,91,Med,Stocky,80,91,LDU Quito,91,78,78,,92,Med,88,91,78,74,Right,Antonio Valencia,92,"180cm | 5'11""",88,2,89,CONMEBOL Libertadores,90,69,Ecuador,N\A,91,86,97,89,76,,80,Libertadores KO Team,76,90,74,3,72,92,79,72,79,86,69,2,83,34 years old,,,,
274,91,2020-03-08,99,87,High,Average,84,83,Piemonte Calcio,91,78,65,,89,Med,89,83,78,75,Left,Alex Sandro Lobo Silva,89,"180cm | 5'11""",89,3,91,Serie A TIM,93,59,Brazil,N\A,91,86,86,91,70,,84,Player Moments SBC,70,93,75,3,82,88,87,82,87,86,59,3,80,29 years old,,,,
275,97,2020-03-11,89,91,High,Average,95,88,Liverpool,93,89,68,,37,Med,47,88,89,95,Right,Sadio Mané,37,"175cm | 5'9""",47,3,78,Premier League,79,92,Senegal,TOTW26,97,83,89,78,88,,95,TIF,88,79,95,4,86,98,90,86,90,83,92,4,69,28 years old,,,,
276,83,2020-03-11,74,85,Med,High & Stocky,70,66,FC Bayern München,99,85,35,,86,Med,91,66,85,52,Right,Jérôme Boateng,86,"192cm | 6'4""",91,4,92,Bundesliga,78,38,Germany,N\A,83,82,87,92,56,,70,Flashback SBC,56,78,52,2,92,80,81,92,81,82,38,4,90,31 years old,,,,
277,74,2020-03-25,75,72,Med,High & Average,55,43,Napoli,91,55,30,,89,High,91,43,55,37,Right,Kalidou Koulibaly,89,"187cm | 6'2""",91,3,90,Serie A TIM,32,23,Senegal,TOTWMoments2,74,58,58,90,30,,55,TOTW Moments,30,32,37,2,84,71,83,84,83,58,23,3,89,28 years old,,,,
278,96,2020-04-03,82,90,Med,Lean,86,71,Real Madrid,87,85,94,,64,Med,63,71,85,89,Left,Gareth Bale,64,"185cm | 6'1""",63,4,86,LaLiga Santander,93,88,Wales,FUTBirthday2,96,89,97,86,92,,86,FUT Birthday,92,93,89,4,91,94,97,91,97,89,88,5,82,30 years old,,,,
279,92,2020-04-03,82,93,High,Lean,99,82,Paris Saint-Germain,87,91,93,,45,Med,52,82,91,95,Left,Ángel Di María,45,"180cm | 5'11""",52,4,72,Ligue 1 Conforama,91,86,Argentina,FUTBirthday2,92,89,94,72,90,,99,FUT Birthday,90,91,95,5,55,93,76,55,76,89,86,5,69,32 years old,,,,
280,92,2020-04-08,93,92,High,Lean,90,80,Tottenham Hotspur,94,89,77,,43,High,47,80,89,94,Right,Heung Min Son,43,"183cm | 6'0""",47,3,73,Premier League,89,92,Korea Republic,TOTWMoments4,92,88,94,73,92,,90,TOTW Moments,92,89,94,4,72,89,67,72,67,88,92,5,78,27 years old,,,,
281,89,2018-09-19,72,93,Med,High & Average,49,47,Icons,87,72,27,18-11-1963,38,Med,50,47,72,31,Right,Peter Schmeichel,38,"193cm | 6'4""",50,4,86,Icons,34,30,Denmark,Medium,89,85,64,86,84,,49,Icon,84,34,31,1,35,53,77,35,77,85,30,3,92,,89,84,85,93
282,79,2018-09-19,74,83,Med,Lean,82,83,Icons,91,67,71,09-08-1973,50,Low,36,83,67,96,Right,Filippo Inzaghi,50,"181cm | 5'11""",36,4,65,Icons,49,95,Italy,Prime,79,69,87,65,91,,82,Icon,91,49,96,3,96,80,88,96,88,69,95,3,74,,,,,
283,85,2018-09-19,85,92,Med,Short & Lean-,87,73,Icons,88,91,89,09-11-1974,43,Med,42,73,91,89,Right,Alessandro Del Piero,43,"174cm | 5'9""",42,4,69,Icons,87,93,Italy,Medium,85,85,85,69,90,,87,Icon,90,87,89,4,64,86,58,64,58,85,93,5,74,,,,,
284,82,2018-09-19,87,84,Med,Average,79,72,Icons,93,88,80,20-02-1971,44,Med,36,72,88,94,Right,Jari Litmanen,44,"181cm | 5'11""",36,4,64,Icons,77,91,Finland,Prime,82,84,82,64,89,,79,Icon,89,77,94,3,72,81,63,72,63,84,91,4,76,,,,,
285,90,2018-09-19,86,85,High,Lean,89,82,Icons,92,74,82,20-09-1971,45,High,48,82,74,89,Right,Henrik Larsson,45,"178cm | 5'10""",48,4,73,Icons,70,93,Sweden,Prime,90,76,83,73,89,,89,Icon,89,70,89,3,96,92,92,96,92,76,93,4,75,,,,,
286,87,2018-09-19,72,94,Med,Average,93,89,Icons,84,86,94,14-08-1973,46,Low,40,89,86,88,Right,Jay-Jay Okocha,46,"173cm | 5'8""",40,3,60,Icons,81,79,Nigeria,Prime,87,84,87,60,83,,93,Icon,83,81,88,5,61,90,54,61,54,84,79,4,70,,,,,
287,71,2018-09-19,75,66,Med,High & Average,48,53,Icons,85,52,35,19-03-1976,90,High,91,53,52,35,Right,Alessandro Nesta,90,"187cm | 6'2""",91,4,85,Icons,49,38,Italy,Medium,71,62,49,85,41,,48,Icon,41,49,35,2,84,75,86,84,86,62,38,3,78,,,,,
288,94,2018-09-19,77,91,Med,Base R9,88,80,Icons,86,77,77,22-09-1976,36,Med,42,80,77,88,Right,Ronaldo Luís Nazário de Lima,36,"183cm | 6'0""",42,5,72,Icons,72,94,Brazil,Base,94,77,89,72,90,,88,Icon,90,72,88,4,78,95,79,78,79,77,94,4,75,,,,,
289,85,2018-09-19,79,88,High,Average,84,76,Icons,88,88,81,10-05-1969,29,Med,35,76,88,91,Right,Dennis Bergkamp,29,"183cm | 6'0""",35,4,73,Icons,80,91,Netherlands,Medium,85,83,88,73,89,,84,Icon,89,80,91,4,58,86,76,58,76,83,91,4,78,,,,,
290,77,2018-09-19,90,80,Med,High & Average+,72,54,Icons,88,85,59,30-09-1962,91,Med,90,54,85,72,Right,Frank Rijkaard,91,"187cm | 6'2""",90,4,87,Icons,77,69,Netherlands,Prime,77,83,86,87,76,,72,Icon,76,77,72,3,87,75,82,87,82,83,69,4,85,,,,,
291,89,2018-09-19,80,89,Med,Average,90,85,Icons,89,83,60,05-07-1975,32,Low,38,85,83,91,Right,Hernán Crespo,32,"184cm | 6'0""",38,4,73,Icons,77,94,Argentina,Prime,89,72,87,73,90,,90,Icon,90,77,91,4,92,89,88,92,88,72,94,4,78,,,,,
292,95,2018-09-19,92,89,High,Average,88,88,Icons,92,79,67,29-03-1973,54,Med,47,88,79,89,Left,Marc Overmars,54,"173cm | 5'8""",47,4,67,Icons,89,83,Netherlands,Prime,95,81,82,67,82,,88,Icon,82,89,89,3,52,96,62,52,62,81,83,5,72,,,,,
293,90,2018-09-19,83,87,Med,High & Average,88,63,Icons,89,88,84,17-08-1977,55,Med,51,63,88,93,Right,Thierry Henry,55,"188cm | 6'2""",51,5,77,Icons,82,91,France,Medium,90,85,83,77,88,,88,Icon,88,82,93,4,80,89,67,80,67,85,91,4,83,,,,,
294,83,2018-09-19,88,90,High,Short & Lean-,86,85,Icons,88,93,87,27-08-1977,59,Med,51,85,93,83,Right,Anderson Luís de Souza,59,"174cm | 5'9""",51,4,70,Icons,83,75,Portugal,Prime,83,91,82,70,79,,86,Icon,79,83,83,4,62,86,42,62,42,91,75,3,73,,,,,
295,83,2018-09-19,83,65,Med,High & Average,60,57,Icons,86,57,32,07-11-1978,91,Med,91,57,57,48,Right,Rio Ferdinand,91,"189cm | 6'2""",91,4,86,Icons,54,45,England,Prime,83,67,65,86,49,,60,Icon,49,54,48,3,86,84,82,86,82,67,45,3,87,,,,,
296,77,2018-09-19,93,78,High,High & Average,79,73,Icons,84,78,71,22-09-1970,90,High,87,73,78,81,Left,Emmanuel Petit,90,"185cm | 6'1""",87,4,89,Icons,73,71,France,Prime,77,82,90,89,79,,79,Icon,79,73,81,3,79,78,78,79,78,82,71,3,79,,,,,
297,87,2018-09-19,39,86,Med,High & Average,43,41,Icons,91,70,10,10-11-1969,28,Med,57,41,70,17,Right,Jens Lehmann,28,"190cm | 6'3""",57,4,90,Icons,11,13,Germany,Prime,87,86,65,90,91,,43,Icon,91,11,17,1,33,59,72,33,72,86,13,3,87,,87,91,86,86
298,92,2018-09-19,82,89,High,Average,93,85,Icons,88,73,81,22-12-1968,35,Med,48,85,73,91,Right,Luis Hernández,35,"175cm | 5'9""",48,4,70,Icons,69,91,Mexico,Prime,92,74,86,70,88,,93,Icon,88,69,91,4,93,94,89,93,89,74,91,3,69,,,,,
299,86,2018-09-19,88,88,Med,Average,86,83,Icons,89,88,92,29-03-1972,66,Med,44,83,88,89,Right,Rui Manuel César Costa,66,"180cm | 5'11""",44,4,79,Icons,86,75,Portugal,Prime,86,88,87,79,81,,86,Icon,81,86,89,4,50,83,80,50,80,88,75,4,74,,,,,
300,72,2018-09-19,93,81,Med,Average,70,77,Icons,92,87,72,10-08-1971,94,High,87,77,87,71,Right,Roy Keane,94,"180cm | 5'11""",87,4,89,Icons,73,70,Republic of Ireland,Prime,72,85,65,89,71,,70,Icon,71,73,71,2,77,70,79,77,79,85,70,3,76,,,,,
301,74,2018-09-19,92,84,High,Average,65,62,Icons,89,83,84,20-06-1978,78,Med,73,62,83,85,Right,Frank Lampard,78,"184cm | 6'0""",73,4,81,Icons,82,89,England,Prime,74,88,91,81,90,,65,Icon,90,82,85,3,71,76,78,71,78,88,89,4,89,,,,,
302,86,2018-09-19,76,91,High,Short & Lean-,85,86,Icons,90,88,92,05-07-1966,33,Med,43,86,88,89,Right,Gianfranco Zola,33,"168cm | 5'6""",43,4,63,Icons,85,92,Italy,Prime,86,88,91,63,91,,85,Icon,91,85,89,4,64,88,52,64,52,88,92,4,67,,,,,
303,88,2018-09-19,92,87,High,High & Average+,82,82,Icons,88,87,88,01-09-1962,79,Med,80,82,87,88,Right,Ruud Gullit,79,"191cm | 6'3""",80,4,87,Icons,86,87,Netherlands,Medium,88,88,92,87,88,,82,Icon,88,86,88,4,92,87,82,92,82,88,87,5,88,,,,,
304,72,2018-09-19,89,58,Med,Stocky,53,58,Icons,90,55,48,13-04-1978,94,High,93,58,55,41,Right,Carles Puyol Saforcada,94,"178cm | 5'10""",93,4,91,Icons,70,35,Spain,Medium,72,66,71,91,45,,53,Icon,45,70,41,2,89,70,88,89,88,66,35,3,80,,,,,
305,88,2018-09-19,35,90,Med,High & Average,37,43,FC Barcelona,86,70,12,,22,Med,43,43,70,11,Right,Marc-André ter Stegen,22,"187cm | 6'2""",43,3,88,LaLiga Santander,18,14,Germany,N\A,88,88,66,88,85,,37,Normal,85,18,11,1,11,38,79,11,79,88,14,4,85,27 years old,88,85,88,90
306,93,2018-09-19,85,89,High,Salah,91,88,Liverpool,92,84,69,,55,Med,45,88,84,92,Left,Mohamed Salah,55,"175cm | 5'9""",45,3,74,Premier League,79,90,Egypt,N\A,93,81,80,74,86,,91,Normal,86,79,92,4,59,94,69,59,69,81,90,3,71,27 years old,,,,
307,77,2018-09-19,75,72,Med,High & Average,61,53,Liverpool,88,65,70,,89,Med,90,53,65,47,Right,Virgil van Dijk,89,"193cm | 6'4""",90,3,86,Premier League,53,52,Netherlands,N\A,77,70,81,86,60,,61,Normal,60,53,47,2,86,74,90,86,90,70,52,3,92,28 years old,,,,
308,74,2018-09-19,85,90,High,Lean,92,93,Real Madrid,89,91,78,,82,High,72,93,91,79,Right,Luka Modric,82,"172cm | 5'8""",72,4,66,LaLiga Santander,86,72,Croatia,N\A,74,89,79,66,76,,92,Normal,76,86,79,4,55,77,68,55,68,89,72,4,66,34 years old,,,,
309,80,2018-09-19,92,80,Low,Average,85,90,Icons,89,82,35,18-02-1973,92,High,88,90,82,60,Right,Claude Makélélé,92,"174cm | 5'9""",88,4,88,Icons,71,46,France,Prime,80,79,60,88,50,,85,Icon,50,71,60,3,58,82,85,58,85,79,46,3,70,,,,,
310,90,2018-09-19,78,93,Med,Lean,91,88,Icons,89,89,80,22-05-1946,63,Low,57,88,89,89,Right,George Best,63,"175cm | 5'9""",57,4,70,Icons,84,93,Northern Ireland,Medium,90,83,86,70,90,,91,Icon,90,84,89,4,86,92,78,86,78,83,93,4,68,,,,,
311,90,2018-09-19,84,91,Med,Average,88,79,Icons,86,88,83,04-11-1972,40,Med,40,79,88,88,Right,Luís Filipe Madeira Caeiro Figo,40,"180cm | 5'11""",40,4,78,Icons,90,88,Portugal,Medium,90,88,81,78,86,,88,Icon,86,90,88,4,64,91,72,64,72,88,88,4,75,,,,,
312,83,2018-09-19,81,83,Med,Stocky,61,68,Icons,88,69,69,12-07-1973,39,Med,40,68,69,94,Left,Christian Vieri,39,"185cm | 6'1""",40,4,84,Icons,64,94,Italy,Prime,83,74,91,84,91,,61,Icon,91,64,94,3,93,84,82,93,82,74,94,4,80,,,,,
313,82,2018-09-19,75,82,High,High & Average,70,68,Icons,93,73,77,01-07-1976,32,Low,38,68,73,92,Right,Ruud van Nistelrooy,32,"188cm | 6'2""",38,5,80,Icons,70,94,Netherlands,Medium,82,72,88,80,88,,70,Icon,88,70,92,3,85,80,76,85,76,72,94,3,80,,,,,
314,90,2018-09-19,83,90,Med,Average,89,83,Icons,88,88,85,08-02-1966,47,Med,48,83,88,90,Left,Hristo Stoichkov,47,"178cm | 5'10""",48,4,84,Icons,90,92,Bulgaria,Medium,90,87,88,84,90,,89,Icon,90,90,90,4,80,91,78,80,78,87,92,3,73,,,,,
315,92,2018-09-19,84,91,Med,Lean,90,89,Icons,92,90,75,22-07-1963,45,Low,42,89,90,92,Right,Emilio Butragueño Santos,45,"168cm | 5'6""",42,4,70,Icons,77,93,Spain,Medium,92,81,86,70,88,,90,Icon,88,77,92,3,87,92,86,87,86,81,93,5,68,,,,,
316,85,2018-09-19,83,90,Med,High & Average+,89,76,Icons,90,87,89,19-04-1972,35,Low,43,76,87,88,Left,Rivaldo Vítor Borba Ferreira,35,"186cm | 6'1""",43,4,77,Icons,87,88,Brazil,Medium,85,87,93,77,90,,89,Icon,90,87,88,4,75,84,70,75,70,87,88,2,76,,,,,
317,76,2018-09-19,89,85,Med,High & Average,72,72,Icons,87,90,89,09-03-1975,83,Med,77,72,90,84,Right,Juan Sebastián Verón,83,"186cm | 6'1""",77,4,85,Icons,85,76,Argentina,Prime,76,90,95,85,85,,72,Icon,85,85,84,3,70,77,69,70,69,90,76,4,80,,,,,
318,78,2019-09-05,91,81,Med,Lean,79,81,Icons,86,91,75,18-01-1971,89,High,88,81,91,62,Right,Josep Guardiola Sala,89,"180cm | 5'11""",88,4,83,Icons,81,57,Spain,Prime,78,88,79,83,65,,79,Icon,65,81,62,3,80,77,86,80,86,88,57,3,73,,,,,
319,85,2019-09-05,94,82,High,Average,75,88,Icons,84,78,58,03-12-1982,93,High,90,88,78,77,Right,Michael Essien,93,"177cm | 5'10""",90,4,90,Icons,70,68,Ghana,Prime,85,81,87,90,76,,75,Icon,76,70,77,3,75,87,84,75,84,81,68,4,80,,,,,
320,87,2019-09-05,81,89,High,Average,90,89,Icons,94,80,88,04-03-1951,36,Med,42,89,80,92,Right,Kenny Dalglish,36,"173cm | 5'8""",42,4,71,Icons,78,91,Scotland,Medium,87,79,87,71,90,,90,Icon,90,78,92,4,82,88,72,82,72,79,91,5,73,,,,,
321,90,2019-09-05,84,93,Med,Short & Lean-,91,89,Icons,88,87,86,28-10-1933,41,Low,41,89,87,85,Right,Manuel Franc. dos Santos,41,"169cm | 5'7""",41,4,67,Icons,90,86,Brazil,Base,90,88,83,67,83,,91,Icon,83,90,85,5,65,92,68,65,68,88,86,4,70,,,,,
322,90,2019-09-05,86,83,High,Average,86,72,Icons,87,85,35,17-07-1944,87,Med,87,72,85,84,Right,Carlos Alberto Torres,87,"180cm | 5'11""",87,4,84,Icons,83,55,Brazil,Medium,90,80,78,84,63,,86,Icon,63,83,84,3,85,91,84,85,84,80,55,4,75,,,,,
323,75,2019-09-05,84,90,Med,Lean,86,77,Icons,92,95,95,19-05-1979,74,Med,68,77,95,87,Right,Andrea Pirlo,74,"177cm | 5'10""",68,4,65,Icons,89,77,Italy,Medium,75,93,76,65,79,,86,Icon,79,89,87,5,52,76,59,52,59,93,77,4,66,,,,,
324,78,2019-09-20,78,86,High,Average,78,82,FC Bayern München,91,80,88,,39,Med,42,82,80,93,Right,Robert Lewandowski,39,"184cm | 6'0""",42,4,83,Bundesliga,64,90,Poland,N\A,78,77,89,83,89,,78,Bundesliga POTM,89,64,93,4,87,78,85,87,85,77,90,4,80,31 years old,,,,
325,82,2019-09-24,88,90,High,Average,91,83,FC Barcelona,93,88,87,,49,High,58,83,88,92,Left,Antoine Griezmann,49,"176cm | 5'9""",58,4,73,LaLiga Santander,84,91,France,OTW,82,86,83,73,88,,91,OTW,88,84,92,4,85,83,90,85,90,86,91,3,73,29 years old,,,,
326,78,2019-10-16,78,87,High,Average,79,83,FC Bayern München,92,78,86,,39,Med,42,83,78,93,Right,Robert Lewandowski,39,"184cm | 6'0""",42,4,83,Bundesliga,62,90,Poland,TOTW5,78,75,89,83,89,,79,IF,89,62,93,4,87,78,85,87,85,75,90,4,80,31 years old,,,,
327,71,2019-10-16,88,82,High,High & Average,71,73,Tottenham Hotspur,92,84,70,,35,High,48,73,84,94,Right,Harry Kane,35,"188cm | 6'2""",48,3,84,Premier League,77,95,England,TOTW5,71,82,90,84,92,,71,IF,92,77,94,3,87,68,79,87,79,82,95,4,89,26 years old,,,,
328,74,2019-10-22,85,90,High,Lean,92,93,Real Madrid,89,91,78,,82,High,72,93,91,79,Right,Luka Modric,82,"172cm | 5'8""",72,4,66,LaLiga Santander,86,72,Croatia,N\A,74,89,79,66,76,,92,CL,76,86,79,4,55,77,68,55,68,89,72,4,66,34 years old,,,,
329,88,2019-10-22,-,90,Med,High & Average,-,-,FC Barcelona,-,-,-,,-,Med,43,-,-,-,Right,Marc-André ter Stegen,-,"187cm | 6'2""",43,3,88,LaLiga Santander,-,-,Germany,N\A,88,88,-,88,85,,-,CL,85,-,-,1,-,-,-,-,-,88,-,4,85,27 years old,88,85,88,90
330,93,2019-10-22,27 years old,85,89,High,Salah,91,88,Liverpool,92,84,69,55,Med,45,88,84,92,Left,Mohamed Salah,55,"175cm | 5'9""",45,3,74,Premier League,79,90,Egypt,N\A,93,81,80,74,86,,91,CL,86,79,92,4,59,94,69,59,69,81,90,3,71,,,,
331,77,2019-10-22,28 years old,75,72,Med,High & Average,61,53,Liverpool,88,65,70,89,Med,90,53,65,47,Right,Virgil van Dijk,89,"193cm | 6'4""",90,3,86,Premier League,53,52,Netherlands,N\A,77,70,81,86,60,,61,CL,60,53,47,2,86,74,90,86,90,70,52,3,92,,,,
332,82,2019-10-23,29 years old,88,90,High,Average,91,83,FC Barcelona,93,88,87,49,High,58,83,88,92,Left,Antoine Griezmann,49,"176cm | 5'9""",58,4,73,LaLiga Santander,84,91,France,TOTW6,82,86,83,73,88,,91,IF,88,84,92,4,85,83,90,85,90,86,91,3,73,,,,
333,75,2019-10-25,30 years old,85,83,Med,Average,61,72,Real Madrid,89,90,85,78,Med,72,72,90,76,Right,Toni Kroos,78,"183cm | 6'0""",72,4,80,LaLiga Santander,89,76,Germany,UltimateScream2,75,92,89,80,82,,61,Halloween,82,89,76,3,59,83,34,59,34,92,76,5,76,,,,
334,97,2019-10-30,21 years old,85,91,High,Average,93,83,Paris Saint-Germain,89,82,64,38,Low,40,83,82,91,Right,Kylian Mbappé,38,"178cm | 5'10""",40,3,76,Ligue 1 Conforama,80,91,France,TOTW7,97,80,84,76,86,,93,IF,86,80,91,5,78,97,77,78,77,80,91,4,73,,,,
335,72,2019-10-31,33 years old,71,80,High,High & Average,66,41,FC Barcelona,98,74,44,91,Med,90,41,74,66,Right,Gerard Piqué Bernabeu,91,"194cm | 6'4""",90,4,82,LaLiga Santander,58,67,Spain,N\A,72,74,64,82,63,,66,Halloween SBC,63,58,66,2,86,61,76,86,76,74,67,3,85,,,,
336,86,2019-11-08,26 years old,83,92,Med,Average,93,86,Piemonte Calcio,85,89,90,43,Med,45,86,89,83,Left,Paulo Dybala,43,"177cm | 5'10""",45,3,68,Serie A TIM,83,83,Argentina,RTTF1,86,86,83,68,86,,93,UCL LIVE,86,83,83,4,66,89,79,66,79,86,83,3,75,,,,
337,91,2019-11-08,35 years old,-,91,Med,High & Average,-,-,Inter,-,-,-,-,Med,55,-,-,-,Right,Samir Handanovic,-,"193cm | 6'4""",55,3,91,Serie A TIM,-,-,Slovenia,RTTF1,91,74,-,91,89,,-,UCL LIVE,89,-,-,1,-,-,-,-,-,74,-,2,92,91,89,74,91
338,96,2019-11-08,28 years old,89,90,High,Average,94,87,Liverpool,92,87,67,36,Med,46,87,87,93,Right,Sadio Mané,36,"175cm | 5'9""",46,3,78,Premier League,77,90,Senegal,RTTF1,96,81,87,78,86,,94,UCL LIVE,86,77,93,4,84,97,90,84,90,81,90,4,69,,,,
339,66,2019-11-13,35 years old,73,76,Med,Average,69,69,Paris Saint-Germain,85,74,65,93,High,90,69,74,62,Right,Thiago Emiliano da Silva,93,"183cm | 6'0""",90,4,81,Ligue 1 Conforama,64,42,Brazil,N\A,66,77,74,81,57,,69,Ligue 1 POTM,57,64,62,2,83,63,93,83,93,77,42,3,82,,,,
340,91,2019-11-15,33 years old,-,93,Med,High & Average+,-,-,Tottenham Hotspur,-,-,-,-,Med,66,-,-,-,Left,Hugo Lloris,-,"188cm | 6'2""",66,4,88,Premier League,-,-,France,RTTF2,91,70,-,88,86,,-,UCL LIVE,86,-,-,1,-,-,-,-,-,70,-,1,82,91,86,70,93
341,90,2019-11-23,38 years old,81,92,High,Average,77,80,Vissel Kobe,92,80,82,39,Low,46,80,80,91,Right,David Villa Sánchez,39,"175cm | 5'9""",46,3,84,Meiji Yasuda J1 League,75,91,Spain,N\A,90,79,85,84,89,,77,Premium SBC,89,75,91,4,90,87,85,90,85,79,91,4,69,,,,
342,73,2019-12-06,34 years old,81,76,High,Average,80,67,Real Madrid,89,71,72,89,Med,88,67,71,68,Right,Sergio Ramos García,89,"184cm | 6'0""",88,4,87,LaLiga Santander,66,64,Spain,TOTGS,73,76,81,87,70,,80,CL TOTT,70,66,68,3,93,75,95,93,95,76,64,3,82,,,,
343,73,2019-12-06,28 years old,74,70,Med,High & Average,53,42,Napoli,88,52,28,88,High,90,42,52,36,Right,Kalidou Koulibaly,88,"187cm | 6'2""",90,3,89,Serie A TIM,30,22,Senegal,TOTGS,73,55,56,89,29,,53,CL TOTT,29,30,36,2,83,70,82,83,82,55,22,3,89,,,,
344,96,2019-12-11,28 years old,88,90,High,Average,94,87,Liverpool,92,87,67,36,Med,46,87,87,93,Right,Sadio Mané,36,"175cm | 5'9""",46,3,77,Premier League,77,90,Senegal,TOTW13,96,81,87,77,86,,94,SIF,86,77,93,4,84,97,89,84,89,81,90,4,69,,,,
345,73,2019-12-13,34 years old,80,75,High,Average,79,66,Real Madrid,88,71,72,89,Med,88,66,71,67,Right,Sergio Ramos García,89,"184cm | 6'0""",88,4,86,LaLiga Santander,66,63,Spain,N\A,73,76,80,86,69,,79,TOTY Nominee,69,66,67,3,93,75,94,93,94,76,63,3,82,,,,
346,97,2019-12-13,21 years old,85,91,High,Average,93,83,Paris Saint-Germain,89,81,63,38,Low,40,83,81,90,Right,Kylian Mbappé,38,"178cm | 5'10""",40,3,76,Ligue 1 Conforama,79,90,France,N\A,97,79,83,76,85,,93,TOTY Nominee,85,79,90,5,78,97,77,78,77,79,90,4,73,,,,
347,79,2019-12-13,29 years old,98,82,Med,Short & Lean-,83,93,Chelsea,94,80,49,93,High,88,93,80,73,Right,N'Golo Kanté,93,"168cm | 5'6""",88,3,84,Premier League,68,66,France,N\A,79,78,72,84,66,,83,TOTY Nominee,66,68,73,2,54,80,77,54,77,78,66,3,72,,,,
348,72,2019-12-13,28 years old,73,69,Med,High & Average,52,41,Napoli,87,52,28,88,High,90,41,52,36,Right,Kalidou Koulibaly,88,"187cm | 6'2""",90,3,88,Serie A TIM,30,22,Senegal,N\A,72,55,56,88,29,,52,TOTY Nominee,29,30,36,2,83,69,81,83,81,55,22,3,89,,,,
349,71,2019-12-13,26 years old,88,82,High,High & Average,71,73,Tottenham Hotspur,92,82,68,35,High,48,73,82,94,Right,Harry Kane,35,"188cm | 6'2""",48,3,84,Premier League,75,95,England,N\A,71,80,90,84,92,,71,TOTY Nominee,92,75,94,3,87,68,79,87,79,80,95,4,89,,,,
350,86,2019-12-13,27 years old,-,90,Med,High & Average,-,-,Liverpool,-,-,-,-,Med,53,-,-,-,Right,Alisson Ramses Becker,-,"191cm | 6'3""",53,3,91,Premier League,-,-,Brazil,N\A,86,86,-,91,85,,-,TOTY Nominee,85,-,-,1,-,-,-,-,-,86,-,3,91,86,85,86,90
351,81,2019-12-13,31 years old,80,89,High,Stocky,84,92,Manchester City,93,84,73,24,Med,34,92,84,94,Right,Sergio Agüero,24,"173cm | 5'8""",34,4,75,Premier League,70,94,Argentina,N\A,81,78,89,75,91,,84,TOTY Nominee,91,70,94,4,80,83,82,80,82,78,94,4,70,,,,
352,78,2019-12-13,31 years old,78,86,High,Average,78,82,FC Bayern München,91,78,86,39,Med,42,82,78,92,Right,Robert Lewandowski,39,"184cm | 6'0""",42,4,83,Bundesliga,62,89,Poland,N\A,78,75,88,83,88,,78,TOTY Nominee,88,62,92,4,87,78,85,87,85,75,89,4,80,,,,
353,92,2019-12-20,29 years old,-,93,Med,High & Average+,-,-,Manchester United,-,-,-,-,Med,58,-,-,-,Right,David De Gea Quintana,-,"192cm | 6'4""",58,4,87,Premier League,-,-,Spain,N\A,92,82,-,87,86,,-,FUTmas SBC,86,-,-,1,-,-,-,-,-,82,-,3,82,92,86,82,93
354,77,2019-12-25,33 years old,82,86,High,Average,80,80,FC Barcelona,94,83,83,42,Med,53,80,83,93,Right,Luis Suárez,42,"182cm | 6'0""",53,5,85,LaLiga Santander,78,92,Uruguay,TOTW15,77,81,88,85,90,,80,IF,90,78,93,3,86,80,69,86,69,81,92,4,86,,,,
355,80,2020-01-01,29 years old,98,82,Med,Short & Lean-,83,93,Chelsea,94,82,50,93,High,88,93,82,73,Right,N'Golo Kanté,93,"168cm | 5'6""",88,3,84,Premier League,70,66,France,TOTW16,80,80,72,84,66,,83,IF,66,70,73,2,54,81,77,54,77,80,66,3,72,,,,
356,82,2020-01-01,31 years old,80,90,High,Stocky,85,93,Manchester City,94,85,74,24,Med,34,93,85,94,Right,Sergio Agüero,24,"173cm | 5'8""",34,4,75,Premier League,71,94,Argentina,TOTW16,82,79,89,75,91,,85,IF,91,71,94,4,80,84,82,80,82,79,94,4,70,,,,
357,83,2020-01-07,32 years old,72,82,Med,High & Average,76,64,Arsenal,88,79,85,92,Med,90,64,79,63,Right,David Luiz Moreira Marinho,92,"189cm | 6'2""",90,4,86,Premier League,76,64,Brazil,N\A,83,83,94,86,76,,76,Flashback SBC,76,76,63,3,88,78,87,88,87,83,64,3,86,,,,
358,87,2020-01-10,27 years old,91,89,High,Lean,92,83,Ajax,90,98,86,57,Med,55,83,98,98,Left,Hakim Ziyech,57,"181cm | 5'11""",55,3,72,Eredivisie,92,87,Morocco,N\A,87,95,96,72,90,,92,Players Moments,90,92,98,5,58,90,40,58,40,95,87,2,65,,,,
359,97,2020-01-17,24 years old,91,89,High,Average,87,82,RB Leipzig,93,71,65,42,Med,40,82,71,95,Right,Timo Werner,42,"180cm | 5'11""",40,3,76,Bundesliga,80,96,Germany,N\A,97,78,88,76,91,,87,Bundes POTM,91,80,95,3,88,98,78,88,78,78,96,4,75,,,,
